false,false,16,16,256,1,142.51104460595695,953.0,3670.464847848898,5879.0,8847.0,,,,
false,false,16,16,256,3,140.5086412814388,956.0,3756.984309623431,5851.0,8815.0,,,,
false,false,16,16,256,5,137.5515818431912,957.0,3837.0386624869384,6083.0,8719.0,,,,
false,false,16,16,256,7,143.184421534937,958.0,3671.9665970772444,5687.0,8607.0,,,,
false,false,16,16,384,1,96.86168151879117,964.0,3919.163900414938,6111.0,10135.0,,,,
false,false,16,16,384,3,96.63703131039814,950.0,3953.533684210526,6199.0,9519.0,,,,
false,false,16,16,384,5,99.27529038022436,944.0,3712.200211864407,5927.0,8895.0,,,,
false,false,16,16,384,7,96.75858732462505,951.0,3979.6803364879074,6359.0,8559.0,,,,
false,false,16,16,512,1,97.42790335151987,956.0,3891.047071129707,6051.0,8311.0,,,,
false,false,16,16,512,3,141.92449616803862,956.0,3705.8158995815897,5999.0,8831.0,,,,
false,false,16,16,512,5,96.94619486185167,952.0,3930.063025210084,6087.0,10599.0,,,,
false,false,16,16,512,7,137.24951962668132,945.0,3929.524867724868,6123.0,8527.0,,,,
false,false,16,16,640,1,100.33109260559847,954.0,3608.538784067086,5635.0,8495.0,,,,
false,false,16,16,640,3,96.99321047526674,952.0,3937.7121848739494,6435.0,9127.0,,,,
false,false,16,16,640,5,97.06853038245,942.0,3895.480891719745,6071.0,10359.0,,,,
false,false,16,16,640,7,99.45300845350572,946.0,3714.061310782241,5943.0,9607.0,,,,
false,false,16,24,256,1,97.26680284019065,957.0,3934.8578892371997,5955.0,8831.0,,,,
false,false,16,24,256,3,95.89566551591868,952.0,4007.2079831932774,5955.0,10383.0,,,,
false,false,16,24,256,5,99.44311853619729,946.0,3680.9228329809725,5731.0,8327.0,,,,
false,false,16,24,256,7,96.73050880247631,952.0,3951.905462184874,6299.0,9031.0,,,,
false,false,16,24,384,1,97.13453132588636,946.0,3964.6775898520086,6227.0,9063.0,,,,
false,false,16,24,384,3,99.13750371765639,944.0,3719.9533898305085,6015.0,8727.0,,,,
false,false,16,24,384,5,137.5137513751375,958.0,3888.9968684759915,5887.0,10143.0,,,,
false,false,16,24,384,7,96.44131545954286,958.0,3954.2505219206682,6143.0,8511.0,,,,
false,false,16,24,512,1,143.71945961483186,957.0,3606.972831765935,5495.0,8351.0,,,,
false,false,16,24,512,3,96.36696540425942,950.0,3974.725263157895,6271.0,9031.0,,,,
false,false,16,24,512,5,135.63000135630003,944.0,3943.584745762712,6335.0,9351.0,,,,
false,false,16,24,512,7,99.83028850953379,947.0,3663.0464625131995,5715.0,9183.0,,,,
false,false,16,24,640,1,96.91800736576856,940.0,3899.6989361702126,5955.0,8151.0,,,,
false,false,16,24,640,3,96.2186086789185,954.0,4004.865828092243,6151.0,9847.0,,,,
false,false,16,24,640,5,99.7207818109294,952.0,3655.5535714285716,5715.0,8591.0,,,,
false,false,16,24,640,7,95.9140610013428,952.0,3923.2762605042017,5803.0,7987.0,,,,
false,false,16,32,256,1,96.76795045480937,945.0,3934.73544973545,6115.0,9383.0,,,,
false,false,16,32,256,3,143.26647564469914,943.0,3622.33934252386,6075.0,8115.0,,,,
false,false,16,32,256,5,98.00078400627206,949.0,3860.6385669125393,6079.0,9447.0,,,,
false,false,16,32,256,7,135.83265417006248,966.0,3998.241200828157,5959.0,9199.0,,,,
false,false,16,32,384,1,99.82032341784787,948.0,3666.2236286919833,5707.0,8099.0,,,,
false,false,16,32,384,3,136.6306872523569,953.0,3943.1353620146906,5963.0,9967.0,,,,
false,false,16,32,384,5,95.53835865099838,969.0,4075.547987616099,6339.0,9367.0,,,,
false,false,16,32,384,7,141.0636196924813,965.0,3744.562694300518,5871.0,8207.0,,,,
false,false,16,32,512,1,96.8429207824908,941.0,3935.683315621679,6099.0,8223.0,,,,
false,false,16,32,512,3,97.1534052268532,962.0,3949.510395010395,5999.0,8447.0,,,,
false,false,16,32,512,5,100.90817356205852,935.0,3534.1229946524063,5495.0,7647.0,,,,
false,false,16,32,512,7,97.42790335151987,949.0,3927.3066385669126,5995.0,10815.0,,,,
false,false,16,32,640,1,96.23712828409201,936.0,4004.425213675214,6147.0,10687.0,,,,
false,false,16,32,640,3,99.77052778609199,955.0,3696.3570680628272,5755.0,9863.0,,,,
false,false,16,32,640,5,96.8054211035818,950.0,4005.3673684210526,6295.0,8783.0,,,,
false,false,16,32,640,7,97.16284492809949,956.0,3926.9675732217574,5999.0,8967.0,,,,
false,false,16,40,256,1,142.8775539362766,956.0,3653.074267782427,5435.0,8143.0,,,,
false,false,16,40,256,3,97.63718023823472,945.0,3846.961904761905,5939.0,8151.0,,,,
false,false,16,40,256,5,135.11687609782462,959.0,3990.9186652763296,6123.0,8815.0,,,,
false,false,16,40,256,7,98.54158454867954,942.0,3766.47983014862,6019.0,8727.0,,,,
false,false,16,40,384,1,97.01202949165696,947.0,3933.5385427666315,5795.0,7839.0,,,,
false,false,16,40,384,3,96.41342074816815,939.0,3991.349307774228,6051.0,9015.0,,,,
false,false,16,40,384,5,99.85022466300549,951.0,3648.3059936908517,5727.0,7771.0,,,,
false,false,16,40,384,7,96.46922631680494,947.0,4003.6409714889123,6535.0,10887.0,,,,
false,false,16,40,512,1,96.56237929702588,960.0,3944.246875,6243.0,9263.0,,,,
false,false,16,40,512,3,99.50248756218906,954.0,3704.925576519916,6039.0,8527.0,,,,
false,false,16,40,512,5,127.06480304955528,939.0,4011.165069222577,6355.0,10519.0,,,,
false,false,16,40,512,7,96.8804495252858,963.0,3969.6116303219105,6183.0,9511.0,,,,
false,false,16,40,640,1,99.71083856815235,943.0,3678.22375397667,5775.0,8255.0,,,,
false,false,16,40,640,3,96.3855421686747,951.0,3949.5762355415354,5987.0,8631.0,,,,
false,false,16,40,640,5,96.60902328277461,944.0,3953.165254237288,5979.0,9847.0,,,,
false,false,16,40,640,7,99.91008092716555,951.0,3670.78443743428,5847.0,8503.0,,,,
false,false,24,16,256,1,97.03085581214826,950.0,3942.9052631578948,6139.0,9751.0,,,,
false,false,24,16,256,3,135.83265417006248,935.0,3951.020320855615,6183.0,8959.0,,,,
false,false,24,16,256,5,99.26543577526306,944.0,3675.614406779661,5719.0,7439.0,,,,
false,false,24,16,256,7,136.2769146906514,954.0,3962.053459119497,6195.0,9031.0,,,,
false,false,24,16,384,1,97.10623422023694,956.0,3944.851464435146,6231.0,8839.0,,,,
false,false,24,16,384,3,141.22299110295157,955.0,3690.765445026178,5791.0,9823.0,,,,
false,false,24,16,384,5,96.56237929702588,950.0,3947.835789473684,5927.0,9535.0,,,,
false,false,24,16,384,7,96.74922600619195,950.0,3965.633684210526,6295.0,10199.0,,,,
false,false,24,16,512,1,99.57184108334162,947.0,3653.220696937698,5639.0,9807.0,,,,
false,false,24,16,512,3,96.59969088098919,941.0,3979.2752391073327,6071.0,9743.0,,,,
false,false,24,16,512,5,96.52509652509653,939.0,3969.9179978700745,5911.0,8231.0,,,,
false,false,24,16,512,7,99.54210631096954,944.0,3654.584745762712,5831.0,8791.0,,,,
false,false,24,16,640,1,97.26680284019065,949.0,3840.8872497365646,5723.0,8071.0,,,,
false,false,24,16,640,3,96.72115291614276,946.0,3998.440803382664,5931.0,11415.0,,,,
false,false,24,16,640,5,143.2459533018192,955.0,3654.4460732984294,5663.0,8359.0,,,,
false,false,24,16,640,7,97.45638826625085,952.0,3914.035714285714,6199.0,8199.0,,,,
false,false,24,24,256,1,136.1285053090117,932.0,3931.790772532189,6271.0,9447.0,,,,
false,false,24,24,256,3,100.95911155981827,958.0,3572.5678496868477,5399.0,7667.0,,,,
false,false,24,24,256,5,138.1788033715628,952.0,3906.5283613445376,6067.0,9559.0,,,,
false,false,24,24,256,7,95.84970765839164,940.0,4071.258510638298,6259.0,10079.0,,,,
false,false,24,24,384,1,104.71204188481676,953.0,3652.645330535152,5739.0,8447.0,,,,
false,false,24,24,384,3,96.06147934678194,948.0,4063.1234177215188,6543.0,10231.0,,,,
false,false,24,24,384,5,96.4785335262904,959.0,3998.197080291971,6303.0,9511.0,,,,
false,false,24,24,384,7,99.24573243350535,942.0,3728.248407643312,5823.0,10311.0,,,,
false,false,24,24,512,1,96.68374746205163,947.0,3943.442449841605,6023.0,8631.0,,,,
false,false,24,24,512,3,96.64637092877163,957.0,4006.0919540229884,5939.0,10199.0,,,,
false,false,24,24,512,5,99.36406995230524,945.0,3722.9502645502644,6075.0,9511.0,,,,
false,false,24,24,512,7,97.38994935722633,952.0,3848.361344537815,5943.0,8551.0,,,,
false,false,24,24,640,1,96.83354313934346,948.0,3928.3892405063293,5939.0,7979.0,,,,
false,false,24,24,640,3,141.6029453412631,938.0,3703.326226012793,5595.0,9039.0,,,,
false,false,24,24,640,5,96.52509652509653,946.0,3994.7071881606767,6195.0,10711.0,,,,
false,false,24,24,640,7,134.390538906061,957.0,4039.8871473354234,6251.0,11663.0,,,,
false,false,24,32,256,1,100.23053021950486,952.0,3654.1806722689075,5739.0,7591.0,,,,
false,false,24,32,256,3,137.17421124828533,956.0,3967.5460251046024,6003.0,9735.0,,,,
false,false,24,32,256,5,96.3855421686747,942.0,4001.807855626327,6091.0,9327.0,,,,
false,false,24,32,256,7,137.38150844896276,957.0,3748.1024033437825,5959.0,8775.0,,,,
false,false,24,32,384,1,96.86168151879117,956.0,3950.0083682008367,5975.0,8847.0,,,,
false,false,24,32,384,3,96.93679720822024,947.0,3913.635691657867,6003.0,8847.0,,,,
false,false,24,32,384,5,99.97000899730081,955.0,3663.6188481675395,5503.0,8207.0,,,,
false,false,24,32,384,7,97.31413001167769,935.0,3913.47807486631,6251.0,9583.0,,,,
false,false,24,32,512,1,96.18159084351255,948.0,3999.6803797468356,6147.0,8831.0,,,,
false,false,24,32,512,3,99.000099000099,941.0,3712.1668437832095,5859.0,9191.0,,,,
false,false,24,32,512,5,97.33307377846992,942.0,3874.7664543524415,5975.0,9423.0,,,,
false,false,24,32,512,7,96.29272989889263,954.0,4012.7327044025155,6363.0,9767.0,,,,
false,false,24,32,640,1,98.88262632255513,942.0,3760.4384288747347,6087.0,8927.0,,,,
false,false,24,32,640,3,96.57170449058425,954.0,4014.7442348008385,6071.0,9199.0,,,,
false,false,24,32,640,5,96.61835748792271,944.0,3967.231991525424,5971.0,9815.0,,,,
false,false,24,32,640,7,98.84353069091628,952.0,3742.764705882353,5819.0,8887.0,,,,
false,false,24,40,256,1,136.2769146906514,951.0,3960.097791798107,6203.0,10799.0,,,,
false,false,24,40,256,3,96.03380389897244,942.0,3976.9490445859874,5895.0,9007.0,,,,
false,false,24,40,256,5,141.9849495953429,954.0,3691.3637316561844,6039.0,9167.0,,,,
false,false,24,40,256,7,97.17228646390049,955.0,3949.7664921465966,6363.0,10383.0,,,,
false,false,24,40,384,1,97.01202949165696,938.0,3952.9626865671644,6071.0,9263.0,,,,
false,false,24,40,384,3,99.38382031405287,953.0,3663.9926547743967,5571.0,7491.0,,,,
false,false,24,40,384,5,97.45638826625085,958.0,3875.7296450939457,5867.0,8551.0,,,,
false,false,24,40,384,7,96.71179883945841,953.0,3971.3630640083948,6139.0,9863.0,,,,
false,false,24,40,512,1,99.6412913511359,944.0,3659.320974576271,5683.0,9999.0,,,,
false,false,24,40,512,3,97.551458394303,948.0,3908.3006329113923,6159.0,9647.0,,,,
false,false,24,40,512,5,96.57170449058425,956.0,3992.9592050209203,6387.0,9239.0,,,,
false,false,24,40,512,7,144.25851125216388,948.0,3623.0611814345993,5839.0,7683.0,,,,
false,false,24,40,640,1,96.99321047526674,950.0,3962.681052631579,6047.0,9207.0,,,,
false,false,24,40,640,3,96.17234083477592,951.0,4009.973711882229,6079.0,9751.0,,,,
false,false,24,40,640,5,100.1903616872057,955.0,3630.7141361256545,5303.0,9839.0,,,,
false,false,24,40,640,7,98.09691975671964,946.0,3875.1606765327697,6027.0,8135.0,,,,
false,false,32,16,256,1,96.61835748792271,944.0,3921.947033898305,5867.0,8159.0,,,,
false,false,32,16,256,3,117.31581417175035,959.0,3666.431699687174,5683.0,9143.0,,,,
false,false,32,16,256,5,96.60902328277461,952.0,3976.111344537815,6223.0,9295.0,,,,
false,false,32,16,256,7,97.0591089973794,944.0,3884.2521186440677,6163.0,9351.0,,,,
false,false,32,16,384,1,98.95111814763507,948.0,3742.5822784810125,5767.0,8319.0,,,,
false,false,32,16,384,3,97.28572818367546,945.0,3901.8349206349208,5819.0,8679.0,,,,
false,false,32,16,384,5,95.69377990430623,940.0,4001.464893617021,6079.0,9087.0,,,,
false,false,32,16,384,7,106.58708164570454,944.0,3741.0625,6099.0,10135.0,,,,
false,false,32,16,512,1,96.37625289128759,937.0,3993.930629669157,6091.0,10343.0,,,,
false,false,32,16,512,3,110.7297087808659,950.0,3998.9094736842108,5939.0,11079.0,,,,
false,false,32,16,512,5,100.1201441730076,953.0,3658.567681007345,5507.0,8951.0,,,,
false,false,32,16,512,7,107.16964955524595,951.0,3960.7234490010514,5871.0,9167.0,,,,
false,false,32,16,640,1,97.39943508327652,946.0,3887.0602536997885,5939.0,9111.0,,,,
false,false,32,16,640,3,99.7307270370001,964.0,3672.705394190871,5735.0,8943.0,,,,
false,false,32,16,640,5,98.24147755182238,945.0,3817.5798941798944,5975.0,9183.0,,,,
false,false,32,16,640,7,96.93679720822024,957.0,3987.087774294671,6147.0,10695.0,,,,
false,false,32,24,256,1,98.91196834817013,939.0,3732.1767838125666,5843.0,9031.0,,,,
false,false,32,24,256,3,97.64671418806758,950.0,3889.9778947368422,6339.0,10735.0,,,,
false,false,32,24,256,5,96.08917075045642,955.0,3978.440837696335,6159.0,9175.0,,,,
false,false,32,24,256,7,100.48231511254019,948.0,3627.5917721518986,5631.0,8543.0,,,,
false,false,32,24,384,1,136.8550704803613,949.0,3930.95574288725,6251.0,10335.0,,,,
false,false,32,24,384,3,97.11566475672527,943.0,3911.7613997879107,6243.0,8951.0,,,,
false,false,32,24,384,5,142.2677479015507,941.0,3701.8150903294368,5715.0,8815.0,,,,
false,false,32,24,384,7,96.26492106276473,948.0,3984.2120253164558,6255.0,9255.0,,,,
false,false,32,24,512,1,136.14703880190606,957.0,3984.2413793103447,6235.0,9551.0,,,,
false,false,32,24,512,3,100.1201441730076,945.0,3659.284656084656,5571.0,9047.0,,,,
false,false,32,24,512,5,135.0438892640108,946.0,4021.284355179704,6311.0,9623.0,,,,
false,false,32,24,512,7,96.48784253184098,943.0,3976.106044538706,6207.0,8895.0,,,,
false,false,32,24,640,1,99.12767644726408,948.0,3711.947257383966,5707.0,8855.0,,,,
false,false,32,24,640,3,96.8147933004163,956.0,3952.7928870292885,6159.0,8471.0,,,,
false,false,32,24,640,5,97.32360097323601,947.0,3905.0211193241817,6007.0,9207.0,,,,
false,false,32,24,640,7,141.0238330277817,951.0,3738.1493165089378,5839.0,9135.0,,,,
false,false,32,32,256,1,97.79951100244499,948.0,3871.931434599156,6131.0,10079.0,,,,
false,false,32,32,256,3,136.5560562610952,956.0,3946.9267782426778,6051.0,8671.0,,,,
false,false,32,32,256,5,100.20040080160321,953.0,3661.283315844701,5411.0,8631.0,,,,
false,false,32,32,256,7,136.22122326658493,946.0,3921.1194503171246,6283.0,9519.0,,,,
false,false,32,32,384,1,95.82215408202376,951.0,3982.5615141955836,5999.0,9175.0,,,,
false,false,32,32,384,3,142.47043738424276,941.0,3676.105207226355,5847.0,7903.0,,,,
false,false,32,32,384,5,97.00261907071491,953.0,3908.152151101784,6023.0,8751.0,,,,
false,false,32,32,384,7,134.8254011055683,954.0,4031.105870020964,6083.0,9079.0,,,,
false,false,32,32,512,1,99.94003597841295,948.0,3642.8238396624474,5627.0,8131.0,,,,
false,false,32,32,512,3,97.8952520802741,945.0,3813.9142857142856,5879.0,10583.0,,,,
false,false,32,32,512,5,96.73050880247631,947.0,3890.504751847941,5763.0,7955.0,,,,
false,false,32,32,512,7,100.0,951.0,3642.925341745531,5663.0,7663.0,,,,
false,false,32,32,640,1,136.31406761177755,961.0,3983.3673257023934,5959.0,10367.0,,,,
false,false,32,32,640,3,96.60902328277461,958.0,3974.9853862212944,6067.0,8511.0,,,,
false,false,32,32,640,5,143.74011786689664,937.0,3614.6446104589113,5831.0,8055.0,,,,
false,false,32,32,640,7,96.15384615384616,953.0,4004.8499475341027,5919.0,7907.0,,,,
false,false,32,40,256,1,136.66803334700015,942.0,3953.967091295117,6103.0,8535.0,,,,
false,false,32,40,256,3,99.28514694201748,949.0,3687.4436248682823,5543.0,7975.0,,,,
false,false,32,40,256,5,97.34254842791785,950.0,3864.737894736842,5795.0,8767.0,,,,
false,false,32,40,256,7,96.68374746205163,958.0,3917.115866388309,6051.0,9103.0,,,,
false,false,32,40,384,1,99.82032341784787,947.0,3640.171066525871,5847.0,8095.0,,,,
false,false,32,40,384,3,97.45638826625085,955.0,3881.5340314136124,5971.0,9431.0,,,,
false,false,32,40,384,5,96.33911368015414,956.0,4010.7583682008367,6323.0,9559.0,,,,
false,false,32,40,384,7,142.4298532972511,951.0,3644.03785488959,5635.0,8003.0,,,,
false,false,32,40,512,1,96.58103148541626,950.0,3983.9136842105263,6059.0,8503.0,,,,
false,false,32,40,512,3,134.68013468013467,949.0,4037.626975763962,6435.0,9127.0,,,,
false,false,32,40,512,5,99.91008092716555,951.0,3651.054679284963,5547.0,8423.0,,,,
false,false,32,40,512,7,137.5515818431912,952.0,3912.139705882353,6291.0,8839.0,,,,
false,false,32,40,640,1,96.53441451877595,952.0,3996.4548319327732,6063.0,9927.0,,,,
false,false,32,40,640,3,99.87016878058525,946.0,3598.299154334038,5787.0,7287.0,,,,
false,false,32,40,640,5,97.19117504130625,943.0,3896.478260869565,6095.0,9631.0,,,,
false,false,32,40,640,7,96.2000962000962,952.0,3981.6796218487393,6539.0,9223.0,,,,
false,false,40,16,256,1,141.42271248762552,953.0,3693.099685204617,5687.0,8735.0,,,,
false,false,40,16,256,3,97.11566475672527,962.0,3914.3762993762994,6071.0,9471.0,,,,
false,false,40,16,256,5,137.62730525736305,951.0,3910.5047318611987,5903.0,8455.0,,,,
false,false,40,16,256,7,100.73536818777073,953.0,3603.656873032529,5555.0,8383.0,,,,
false,false,40,16,384,1,97.51340809361287,948.0,3899.5727848101264,5911.0,8151.0,,,,
false,false,40,16,384,3,97.2100709633518,948.0,3946.678270042194,6287.0,9951.0,,,,
false,false,40,16,384,5,98.61932938856016,948.0,3767.17194092827,5751.0,9135.0,,,,
false,false,40,16,384,7,97.551458394303,960.0,3911.795833333333,5711.0,8215.0,,,,
false,false,40,16,512,1,96.73986649898423,942.0,3926.0944798301484,6075.0,8255.0,,,,
false,false,40,16,512,3,100.1903616872057,947.0,3635.8859556494194,5755.0,9839.0,,,,
false,false,40,16,512,5,97.8952520802741,949.0,3816.1791359325607,6055.0,8983.0,,,,
false,false,40,16,512,7,96.8710646130001,963.0,3988.73727933541,6467.0,9527.0,,,,
false,false,40,16,640,1,99.48269001193792,952.0,3689.6071428571427,5927.0,10599.0,,,,
false,false,40,16,640,3,137.7410468319559,952.0,3885.0378151260506,6075.0,9263.0,,,,
false,false,40,16,640,5,96.45061728395062,946.0,3936.2811839323467,5847.0,8695.0,,,,
false,false,40,16,640,7,144.19610670511895,954.0,3599.393081761006,5479.0,7303.0,,,,
false,false,40,24,256,1,97.57049468240804,957.0,3861.236154649948,5935.0,8075.0,,,,
false,false,40,24,256,3,136.3884342607747,952.0,3925.734243697479,6115.0,9895.0,,,,
false,false,40,24,256,5,98.95111814763507,960.0,3688.31875,5675.0,7371.0,,,,
false,false,40,24,256,7,112.7777151234916,947.0,3895.039070749736,6071.0,8615.0,,,,
false,false,40,24,384,1,96.51578033008397,950.0,3929.504210526316,6039.0,8011.0,,,,
false,false,40,24,384,3,99.95002498750625,950.0,3651.138947368421,5727.0,8887.0,,,,
false,false,40,24,384,5,96.67440061871616,955.0,4025.7717277486913,6163.0,11135.0,,,,
false,false,40,24,384,7,96.91800736576856,954.0,3935.9863731656183,6179.0,8207.0,,,,
false,false,40,24,512,1,99.32459276916964,949.0,3666.6691253951526,5727.0,8591.0,,,,
false,false,40,24,512,3,96.75858732462505,952.0,3967.9905462184875,6043.0,8179.0,,,,
false,false,40,24,512,5,96.45992090286487,957.0,4001.4775339602925,6139.0,10823.0,,,,
false,false,40,24,512,7,100.17028949213663,952.0,3679.0703781512607,5567.0,8319.0,,,,
false,false,40,24,640,1,97.64671418806758,945.0,3875.728042328042,6095.0,9271.0,,,,
false,false,40,24,640,3,95.94166746618056,941.0,3988.547290116897,6623.0,10159.0,,,,
false,false,40,24,640,5,142.40956992309884,947.0,3655.3305174234424,5723.0,10295.0,,,,
false,false,40,24,640,7,97.96238244514106,956.0,3874.0188284518827,6011.0,9199.0,,,,
false,false,40,32,256,1,136.5747063643813,954.0,3927.0974842767296,5963.0,8191.0,,,,
false,false,40,32,256,3,99.44311853619729,948.0,3661.2985232067513,5719.0,9247.0,,,,
false,false,40,32,256,5,138.90818169190166,959.0,3873.886339937435,6187.0,8575.0,,,,
false,false,40,32,256,7,96.36696540425942,944.0,4003.5021186440677,6311.0,10295.0,,,,
false,false,40,32,384,1,99.98000399920016,942.0,3650.1496815286623,5759.0,8767.0,,,,
false,false,40,32,384,3,96.17234083477592,959.0,3993.0615224191865,6075.0,8903.0,,,,
false,false,40,32,384,5,96.59969088098919,949.0,4002.0,6323.0,10903.0,,,,
false,false,40,32,384,7,142.571998859424,942.0,3663.1868365180467,5771.0,8239.0,,,,
false,false,40,32,512,1,96.79605072113058,952.0,3934.2584033613443,5743.0,9071.0,,,,
false,false,40,32,512,3,135.26308670363858,949.0,4034.5658587987355,6387.0,9239.0,,,,
false,false,40,32,512,5,99.2950054612253,948.0,3747.9145569620255,5647.0,9287.0,,,,
false,false,40,32,512,7,136.986301369863,960.0,3946.6520833333334,6079.0,8863.0,,,,
false,false,40,32,640,1,95.97850081581726,947.0,3975.7824709609295,6207.0,8527.0,,,,
false,false,40,32,640,3,144.4460494005489,950.0,3580.5157894736844,5583.0,8107.0,,,,
false,false,40,32,640,5,97.43739647276625,955.0,3870.68167539267,5887.0,8623.0,,,,
false,false,40,32,640,7,115.94202898550725,939.0,3959.1214057507987,6367.0,10151.0,,,,
false,false,40,40,256,1,100.68465565847765,953.0,3573.6694648478488,5459.0,7343.0,,,,
false,false,40,40,256,3,138.25521913452232,956.0,3854.6642259414225,6219.0,8575.0,,,,
false,false,40,40,256,5,96.43201542912247,956.0,3931.592050209205,5803.0,8027.0,,,,
false,false,40,40,256,7,122.63919548687761,952.0,3696.924369747899,5675.0,9407.0,,,,
false,false,40,40,384,1,96.89922480620154,944.0,3911.073093220339,5899.0,9095.0,,,,
false,false,40,40,384,3,96.46922631680494,947.0,3967.780359028511,5955.0,8591.0,,,,
false,false,40,40,384,5,99.28514694201748,936.0,3676.71047008547,5787.0,7779.0,,,,
false,false,40,40,384,7,97.27626459143968,961.0,3898.681581685744,6011.0,8043.0,,,,
false,false,40,40,512,1,96.12611746611555,945.0,4015.66455026455,6187.0,8695.0,,,,
false,false,40,40,512,3,99.32459276916964,948.0,3684.3512658227846,5787.0,8551.0,,,,
false,false,40,40,512,5,96.01536245799328,939.0,4011.226837060703,6143.0,10199.0,,,,
false,false,40,40,512,7,96.59969088098919,948.0,3994.425105485232,6139.0,9439.0,,,,
false,false,40,40,640,1,100.080064051241,952.0,3616.4453781512607,5595.0,7415.0,,,,
false,false,40,40,640,3,96.91800736576856,948.0,3923.1888185654007,5887.0,9463.0,,,,
false,false,40,40,640,5,136.5001365001365,952.0,3920.159663865546,5787.0,7915.0,,,,
false,false,40,40,640,7,100.41168792047394,955.0,3619.1476439790576,5815.0,9463.0,,,,
false,true,16,16,256,1,135.81420616596495,953.0,3967.7208814270725,6075.0,8935.0,,,,
false,true,16,16,256,3,96.44131545954286,938.0,3970.7825159914714,6279.0,10239.0,,,,
false,true,16,16,256,5,98.30908375933936,957.0,3775.301985370951,5831.0,8959.0,,,,
false,true,16,16,256,7,95.86808551433228,943.0,4010.9745493107107,6483.0,10903.0,,,,
false,true,16,16,384,1,96.67440061871616,950.0,3996.7357894736842,6363.0,10511.0,,,,
false,true,16,16,384,3,100.2707309736288,948.0,3603.571729957806,5655.0,7631.0,,,,
false,true,16,16,384,5,97.76126698602013,955.0,3912.585340314136,6335.0,10287.0,,,,
false,true,16,16,384,7,136.05442176870747,963.0,4010.658359293873,6495.0,9255.0,,,,
false,true,16,16,512,1,99.41346058256288,948.0,3710.4620253164558,5935.0,9671.0,,,,
false,true,16,16,512,3,134.86176668914362,943.0,4042.83032873807,6211.0,9615.0,,,,
false,true,16,16,512,5,96.9743987587277,937.0,3962.2700106723587,6063.0,8999.0,,,,
false,true,16,16,512,7,110.82788429568879,953.0,3691.199370409234,5575.0,7935.0,,,,
false,true,16,16,640,1,96.79605072113058,957.0,4021.763845350052,5963.0,10903.0,,,,
false,true,16,16,640,3,96.57170449058425,951.0,4007.5488958990536,6175.0,10439.0,,,,
false,true,16,16,640,5,99.62143853357243,943.0,3656.4443266171793,5571.0,7339.0,,,,
false,true,16,16,640,7,97.23842862699338,953.0,3910.775445960126,5783.0,8043.0,,,,
false,true,16,24,256,1,135.46464372798698,956.0,3974.547071129707,5999.0,10103.0,,,,
false,true,16,24,256,3,99.36406995230524,939.0,3637.1246006389774,5591.0,9215.0,,,,
false,true,16,24,256,5,135.8695652173913,943.0,3996.445387062566,6215.0,12095.0,,,,
false,true,16,24,256,7,96.24639076034649,938.0,4014.175906183369,6075.0,8367.0,,,,
false,true,16,24,384,1,100.03000900270081,951.0,3666.756046267087,5887.0,9527.0,,,,
false,true,16,24,384,3,97.71350400625366,946.0,3859.5475687103594,5795.0,9639.0,,,,
false,true,16,24,384,5,96.51578033008397,952.0,3967.1586134453783,5947.0,8135.0,,,,
false,true,16,24,384,7,99.09820632246556,951.0,3728.2386961093584,5731.0,8263.0,,,,
false,true,16,24,512,1,97.10623422023694,956.0,3918.5282426778244,6103.0,8607.0,,,,
false,true,16,24,512,3,136.986301369863,943.0,3958.2417815482504,5979.0,9911.0,,,,
false,true,16,24,512,5,100.48231511254019,955.0,3615.296335078534,5579.0,7839.0,,,,
false,true,16,24,512,7,135.7588922074396,951.0,4030.4815983175604,6331.0,9383.0,,,,
false,true,16,24,640,1,96.66505558240696,954.0,3932.1687631027253,6199.0,9671.0,,,,
false,true,16,24,640,3,99.49258780220873,948.0,3684.7257383966244,5631.0,8815.0,,,,
false,true,16,24,640,5,95.67546880979717,945.0,4076.168253968254,6927.0,9911.0,,,,
false,true,16,24,640,7,96.51578033008397,954.0,3952.930817610063,5999.0,9159.0,,,,
false,true,16,32,256,1,143.41029685931449,957.0,3626.0240334378263,5499.0,8631.0,,,,
false,true,16,32,256,3,97.4184120798831,951.0,3930.230283911672,6255.0,9919.0,,,,
false,true,16,32,256,5,135.74046423238767,943.0,3931.4114528101804,5899.0,8975.0,,,,
false,true,16,32,256,7,99.22603691208573,944.0,3687.8368644067796,5983.0,8279.0,,,,
false,true,16,32,384,1,110.76650420912716,947.0,3903.79303062302,5903.0,8591.0,,,,
false,true,16,32,384,3,96.88983625617672,954.0,3996.1477987421385,6039.0,9535.0,,,,
false,true,16,32,384,5,100.05002501250625,958.0,3655.5668058455117,5639.0,8815.0,,,,
false,true,16,32,384,7,95.84052137243627,948.0,4014.3734177215188,6195.0,11415.0,,,,
false,true,16,32,512,1,96.45992090286487,950.0,3994.704210526316,6287.0,9135.0,,,,
false,true,16,32,512,3,99.86019572598363,952.0,3651.790966386555,5963.0,9119.0,,,,
false,true,16,32,512,5,96.56237929702588,954.0,3996.9004192872117,6211.0,9551.0,,,,
false,true,16,32,512,7,95.80379383023568,944.0,4084.8485169491523,6619.0,9263.0,,,,
false,true,16,32,640,1,98.99029895070284,943.0,3737.0106044538707,5687.0,9455.0,,,,
false,true,16,32,640,3,96.48784253184098,956.0,3979.6914225941423,6195.0,9727.0,,,,
false,true,16,32,640,5,96.50646593321753,955.0,3948.715183246073,6239.0,8503.0,,,,
false,true,16,32,640,7,99.43323058566173,950.0,3684.664210526316,5691.0,9015.0,,,,
false,true,16,40,256,1,97.31413001167769,959.0,3887.693430656934,5995.0,8447.0,,,,
false,true,16,40,256,3,96.3948332369385,934.0,4021.998929336188,6355.0,10535.0,,,,
false,true,16,40,256,5,100.34115994380895,953.0,3609.7093389296956,5439.0,8431.0,,,,
false,true,16,40,256,7,136.35124079629125,944.0,3942.040254237288,5899.0,9591.0,,,,
false,true,16,40,384,1,96.09840476648088,944.0,4012.7669491525426,6307.0,10111.0,,,,
false,true,16,40,384,3,141.30281192595731,958.0,3766.2964509394574,5839.0,9463.0,,,,
false,true,16,40,384,5,97.2100709633518,953.0,3895.887722980063,6163.0,8367.0,,,,
false,true,16,40,384,7,96.08917075045642,948.0,4028.9789029535864,6315.0,9975.0,,,,
false,true,16,40,512,1,98.26078412105728,952.0,3807.345588235294,5875.0,9079.0,,,,
false,true,16,40,512,3,95.84052137243627,949.0,4042.3804004214962,6295.0,8823.0,,,,
false,true,16,40,512,5,96.27418888995861,956.0,3989.655857740586,5983.0,10311.0,,,,
false,true,16,40,512,7,99.82032341784787,953.0,3687.9569779643234,5791.0,8455.0,,,,
false,true,16,40,640,1,96.8804495252858,944.0,3942.1292372881358,6303.0,10407.0,,,,
false,true,16,40,640,3,95.83133684714902,955.0,4069.588481675393,6383.0,10239.0,,,,
false,true,16,40,640,5,143.49261013057827,943.0,3612.7486744432663,5583.0,7315.0,,,,
false,true,16,40,640,7,95.86808551433228,955.0,4052.359162303665,6307.0,11983.0,,,,
false,true,24,16,256,1,137.211855104281,964.0,3927.0321576763486,6083.0,9087.0,,,,
false,true,24,16,256,3,98.14505839630975,953.0,3824.1605456453303,6159.0,8471.0,,,,
false,true,24,16,256,5,122.32415902140673,951.0,3896.7802313354364,5811.0,7871.0,,,,
false,true,24,16,256,7,96.71179883945841,955.0,3920.8743455497383,6191.0,9143.0,,,,
false,true,24,16,384,1,108.31889081455806,953.0,3630.454354669465,5535.0,7231.0,,,,
false,true,24,16,384,3,96.99321047526674,947.0,3963.869060190074,6027.0,9287.0,,,,
false,true,24,16,384,5,96.65571235260003,952.0,3956.7626050420167,6439.0,8863.0,,,,
false,true,24,16,384,7,98.62905611993293,940.0,3723.159574468085,5983.0,9519.0,,,,
false,true,24,16,512,1,96.17234083477592,951.0,4001.284963196635,6535.0,10863.0,,,,
false,true,24,16,512,3,137.38150844896276,957.0,3922.0020898641587,6051.0,8567.0,,,,
false,true,24,16,512,5,99.7307270370001,955.0,3682.8366492146597,5647.0,9335.0,,,,
false,true,24,16,512,7,136.5001365001365,956.0,3974.9205020920504,6243.0,9551.0,,,,
false,true,24,16,640,1,96.34839579920994,956.0,3969.2824267782426,6103.0,9727.0,,,,
false,true,24,16,640,3,99.62143853357243,953.0,3672.938090241343,5547.0,8303.0,,,,
false,true,24,16,640,5,97.38994935722633,949.0,3930.0210748155955,6071.0,9135.0,,,,
false,true,24,16,640,7,96.59036028204385,955.0,3951.7979057591624,6167.0,10383.0,,,,
false,true,24,24,256,1,99.85022466300549,952.0,3632.2678571428573,5743.0,8187.0,,,,
false,true,24,24,256,3,98.51246182642105,958.0,3840.6743215031315,5967.0,8911.0,,,,
false,true,24,24,256,5,135.85110718652356,933.0,4011.0503751339766,6739.0,8783.0,,,,
false,true,24,24,256,7,99.76057462090982,961.0,3633.848074921956,5503.0,9351.0,,,,
false,true,24,24,384,1,138.50415512465375,951.0,3855.414300736067,5923.0,9935.0,,,,
false,true,24,24,384,3,96.62769349695623,954.0,3904.293501048218,6119.0,8639.0,,,,
false,true,24,24,384,5,122.65423770391267,943.0,3667.323435843054,5479.0,7699.0,,,,
false,true,24,24,384,7,96.68374746205163,960.0,3968.2385416666666,6383.0,9999.0,,,,
false,true,24,24,512,1,96.65571235260003,956.0,3975.0355648535565,6423.0,8575.0,,,,
false,true,24,24,512,3,99.55201592832255,955.0,3694.0387434554973,5555.0,7931.0,,,,
false,true,24,24,512,5,96.88983625617672,954.0,3932.140461215933,5879.0,9319.0,,,,
false,true,24,24,512,7,97.40892265731541,934.0,3931.4379014989295,6479.0,9199.0,,,,
false,true,24,24,640,1,99.98000399920016,947.0,3667.7233368532206,5907.0,8687.0,,,,
false,true,24,24,640,3,96.26492106276473,947.0,4008.0348468848997,5939.0,10871.0,,,,
false,true,24,24,640,5,97.19117504130625,956.0,3889.218619246862,6123.0,9639.0,,,,
false,true,24,24,640,7,99.8003992015968,950.0,3662.144210526316,5803.0,7839.0,,,,
false,true,24,32,256,1,97.69441187964048,949.0,3913.9420442571127,5967.0,8991.0,,,,
false,true,24,32,256,3,136.36983499249965,953.0,3937.5582371458554,6251.0,9487.0,,,,
false,true,24,32,256,5,98.94132779261898,957.0,3729.1525600835944,5643.0,9711.0,,,,
false,true,24,32,256,7,137.38150844896276,943.0,3916.4496288441146,6283.0,9399.0,,,,
false,true,24,32,384,1,96.35767970707265,952.0,4021.6313025210084,6271.0,9063.0,,,,
false,true,24,32,384,3,116.21150493898897,938.0,3728.7931769722813,6047.0,10263.0,,,,
false,true,24,32,384,5,96.34839579920994,939.0,4026.4675186368477,6155.0,11551.0,,,,
false,true,24,32,384,7,97.38046547862498,947.0,3905.832101372756,5935.0,10303.0,,,,
false,true,24,32,512,1,99.7207818109294,941.0,3660.1030818278427,5647.0,8959.0,,,,
false,true,24,32,512,3,97.68486861385172,949.0,3869.0737618545836,6251.0,8263.0,,,,
false,true,24,32,512,5,97.47538746466518,954.0,3891.1876310272537,5887.0,7695.0,,,,
false,true,24,32,512,7,99.930048965724,945.0,3661.08253968254,5687.0,8319.0,,,,
false,true,24,32,640,1,137.24951962668132,948.0,3948.1223628691982,6163.0,9447.0,,,,
false,true,24,32,640,3,96.15384615384616,944.0,4023.6006355932204,6047.0,8407.0,,,,
false,true,24,32,640,5,141.46272457207525,943.0,3704.7720042417814,5935.0,9431.0,,,,
false,true,24,32,640,7,97.2951936174353,956.0,3951.860878661088,6123.0,9607.0,,,,
false,true,24,40,256,1,136.035913481159,947.0,3949.60929250264,6307.0,8319.0,,,,
false,true,24,40,256,3,99.31472837421789,946.0,3710.818181818182,5795.0,8935.0,,,,
false,true,24,40,256,5,96.44131545954286,944.0,3961.7224576271187,5967.0,9527.0,,,,
false,true,24,40,256,7,136.2583458236817,945.0,3949.1661375661374,6275.0,8223.0,,,,
false,true,24,40,384,1,99.87016878058525,949.0,3640.2560590094836,5847.0,7995.0,,,,
false,true,24,40,384,3,136.59336156262805,949.0,3962.437302423604,5995.0,8783.0,,,,
false,true,24,40,384,5,96.27418888995861,941.0,4016.1020191285866,6379.0,9551.0,,,,
false,true,24,40,384,7,143.36917562724014,963.0,3682.3592938733127,5803.0,8599.0,,,,
false,true,24,40,512,1,97.49439407234084,947.0,3910.843717001056,6115.0,9151.0,,,,
false,true,24,40,512,3,96.89922480620154,951.0,3942.983175604627,6327.0,8207.0,,,,
false,true,24,40,512,5,99.5123892924669,957.0,3667.0355276907003,5867.0,9375.0,,,,
false,true,24,40,512,7,96.74922600619195,964.0,3937.3464730290457,6111.0,9959.0,,,,
false,true,24,40,640,1,138.0643379814994,934.0,3906.654175588865,6215.0,9519.0,,,,
false,true,24,40,640,3,100.02000400080016,951.0,3675.471083070452,5683.0,8171.0,,,,
false,true,24,40,640,5,137.40038472107722,949.0,3946.609062170706,6059.0,8679.0,,,,
false,true,24,40,640,7,96.68374746205163,946.0,3964.5454545454545,6319.0,9943.0,,,,
false,true,32,16,256,1,99.74067424695791,938.0,3691.599147121535,5787.0,8999.0,,,,
false,true,32,16,256,3,96.68374746205163,949.0,3998.9610115911487,6131.0,11591.0,,,,
false,true,32,16,256,5,96.45992090286487,943.0,3965.5821845174974,6251.0,9519.0,,,,
false,true,32,16,256,7,141.5027593038064,958.0,3743.868475991649,5923.0,8847.0,,,,
false,true,32,16,384,1,97.0873786407767,945.0,3904.974603174603,5911.0,8927.0,,,,
false,true,32,16,384,3,137.24951962668132,954.0,3928.254716981132,6203.0,9079.0,,,,
false,true,32,16,384,5,99.38382031405287,947.0,3702.995776135164,5823.0,9311.0,,,,
false,true,32,16,384,7,96.60902328277461,963.0,4000.570093457944,6183.0,9887.0,,,,
false,true,32,16,512,1,96.79605072113058,954.0,3955.412997903564,5923.0,9127.0,,,,
false,true,32,16,512,3,99.48269001193792,956.0,3718.1161087866108,5743.0,8455.0,,,,
false,true,32,16,512,5,138.25521913452232,946.0,3902.3858350951373,5907.0,8983.0,,,,
false,true,32,16,512,7,96.52509652509653,943.0,3906.253446447508,6159.0,8335.0,,,,
false,true,32,16,640,1,143.0615164520744,950.0,3648.2294736842105,5819.0,9215.0,,,,
false,true,32,16,640,3,97.0873786407767,961.0,3970.9281997918833,6035.0,8871.0,,,,
false,true,32,16,640,5,137.98813302056024,958.0,3882.9405010438413,5731.0,8895.0,,,,
false,true,32,16,640,7,99.03931860948796,958.0,3736.7129436325677,5763.0,9519.0,,,,
false,true,32,24,256,1,97.57049468240804,953.0,3857.716684155299,5547.0,8027.0,,,,
false,true,32,24,256,3,96.23712828409201,958.0,4005.217118997912,6223.0,9935.0,,,,
false,true,32,24,256,5,99.95002498750625,945.0,3649.3502645502645,5643.0,8615.0,,,,
false,true,32,24,256,7,96.32055480639569,953.0,3986.634837355719,6123.0,9679.0,,,,
false,true,32,24,384,1,96.20935154897056,949.0,3942.837723919916,6171.0,9119.0,,,,
false,true,32,24,384,3,100.07004903432403,956.0,3650.8274058577404,5727.0,8311.0,,,,
false,true,32,24,384,5,98.44457570387871,955.0,3845.0806282722515,5943.0,8943.0,,,,
false,true,32,24,384,7,134.9527665317139,945.0,3999.279365079365,6179.0,10255.0,,,,
false,true,32,24,512,1,99.55201592832255,941.0,3689.058448459086,5567.0,7851.0,,,,
false,true,32,24,512,3,137.7410468319559,948.0,3907.9008438818564,6047.0,8011.0,,,,
false,true,32,24,512,5,95.9877135726627,944.0,4011.7161016949153,6127.0,9391.0,,,,
false,true,32,24,512,7,140.76576576576576,948.0,3772.9609704641352,5939.0,9551.0,,,,
false,true,32,24,640,1,97.43739647276625,953.0,3917.167890870934,6107.0,9143.0,,,,
false,true,32,24,640,3,96.36696540425942,944.0,4000.4406779661017,5939.0,8647.0,,,,
false,true,32,24,640,5,98.85330170027679,955.0,3739.2303664921465,5875.0,7807.0,,,,
false,true,32,24,640,7,109.05125408942203,934.0,3867.4400428265526,5991.0,9031.0,,,,
false,true,32,32,256,1,95.9140610013428,949.0,3998.376185458377,6355.0,9751.0,,,,
false,true,32,32,256,3,99.35419771485346,934.0,3703.414346895075,5679.0,9247.0,,,,
false,true,32,32,256,5,95.74875526618153,954.0,4020.236897274633,6315.0,10615.0,,,,
false,true,32,32,256,7,96.09840476648088,962.0,4074.5509355509357,6379.0,10367.0,,,,
false,true,32,32,384,1,99.71083856815235,937.0,3689.145144076841,6179.0,8047.0,,,,
false,true,32,32,384,3,97.1534052268532,944.0,3915.165254237288,5719.0,9103.0,,,,
false,true,32,32,384,5,96.79605072113058,944.0,3972.9618644067796,6275.0,9799.0,,,,
false,true,32,32,384,7,100.24057738572574,946.0,3611.1289640591967,5543.0,7315.0,,,,
false,true,32,32,512,1,96.63703131039814,955.0,3960.5183246073298,6139.0,8559.0,,,,
false,true,32,32,512,3,96.23712828409201,952.0,3957.109243697479,5883.0,8703.0,,,,
false,true,32,32,512,5,99.7207818109294,958.0,3643.555323590814,5495.0,8391.0,,,,
false,true,32,32,512,7,96.93679720822024,962.0,3952.0945945945946,6387.0,9191.0,,,,
false,true,32,32,640,1,97.06853038245,958.0,3933.0501043841336,5799.0,8607.0,,,,
false,true,32,32,640,3,99.61151509114454,955.0,3698.344502617801,5491.0,8399.0,,,,
false,true,32,32,640,5,97.27626459143968,943.0,3921.0265111346766,5815.0,9055.0,,,,
false,true,32,32,640,7,96.10764055742432,944.0,3989.9343220338983,6459.0,9151.0,,,,
false,true,32,40,256,1,143.32807797047442,938.0,3658.6908315565033,5543.0,8407.0,,,,
false,true,32,40,256,3,96.3855421686747,943.0,3938.3414634146343,5983.0,8591.0,,,,
false,true,32,40,256,5,136.6493577480186,948.0,3988.0263713080167,6223.0,9439.0,,,,
false,true,32,40,256,7,99.41346058256288,953.0,3733.803777544596,5839.0,8463.0,,,,
false,true,32,40,384,1,138.75398917718886,942.0,3832.7940552016985,5907.0,8099.0,,,,
false,true,32,40,384,3,97.70395701025892,947.0,3874.58606124604,6007.0,9199.0,,,,
false,true,32,40,384,5,143.98848092152627,956.0,3600.139121338912,5603.0,8943.0,,,,
false,true,32,40,384,7,96.40412609659694,938.0,4015.3230277185503,6127.0,11975.0,,,,
false,true,32,40,512,1,96.06147934678194,957.0,4001.460815047022,6071.0,9911.0,,,,
false,true,32,40,512,3,99.95002498750625,950.0,3662.658947368421,5995.0,9447.0,,,,
false,true,32,40,512,5,96.67440061871616,955.0,3929.1780104712043,5819.0,8255.0,,,,
false,true,32,40,512,7,96.00614439324117,945.0,3980.415873015873,6419.0,10919.0,,,,
false,true,32,40,640,1,100.85728693898135,952.0,3597.606092436975,5475.0,8327.0,,,,
false,true,32,40,640,3,96.8804495252858,956.0,3954.543933054393,6023.0,8735.0,,,,
false,true,32,40,640,5,97.23842862699338,947.0,3890.49419218585,6383.0,8983.0,,,,
false,true,32,40,640,7,100.46212577858148,958.0,3630.9425887265133,5687.0,8311.0,,,,
false,true,40,16,256,1,97.69441187964048,946.0,3890.1871035940803,6003.0,9599.0,,,,
false,true,40,16,256,3,96.66505558240696,960.0,3956.102083333333,6283.0,9167.0,,,,
false,true,40,16,256,5,100.30090270812437,950.0,3585.9652631578947,5419.0,7627.0,,,,
false,true,40,16,256,7,96.68374746205163,944.0,3924.0550847457625,6063.0,8767.0,,,,
false,true,40,16,384,1,96.32055480639569,932.0,3974.887339055794,6075.0,9855.0,,,,
false,true,40,16,384,3,143.57501794687724,944.0,3642.023305084746,5647.0,8831.0,,,,
false,true,40,16,384,5,97.13453132588636,953.0,3938.0304302203567,6559.0,10423.0,,,,
false,true,40,16,384,7,136.5747063643813,958.0,3959.5845511482253,6243.0,9023.0,,,,
false,true,40,16,512,1,99.54210631096954,953.0,3721.9391395592866,6011.0,10287.0,,,,
false,true,40,16,512,3,136.5747063643813,948.0,3963.896624472574,6155.0,10623.0,,,,
false,true,40,16,512,5,96.8429207824908,944.0,4013.8601694915255,6159.0,9815.0,,,,
false,true,40,16,512,7,141.6029453412631,959.0,3732.4285714285716,6147.0,9199.0,,,,
false,true,40,16,640,1,97.67532721234616,953.0,3877.8090241343125,6095.0,8479.0,,,,
false,true,40,16,640,3,129.48336138806164,953.0,3971.700944386149,6127.0,8431.0,,,,
false,true,40,16,640,5,99.53219866626854,965.0,3705.343005181347,5747.0,9295.0,,,,
false,true,40,16,640,7,98.12579727210283,944.0,3819.5338983050847,6031.0,8043.0,,,,
false,true,40,24,256,1,96.79605072113058,949.0,3937.118018967334,6171.0,9311.0,,,,
false,true,40,24,256,3,99.06875371507826,962.0,3721.3503118503118,5939.0,8887.0,,,,
false,true,40,24,256,5,136.40703860319192,944.0,3944.4883474576272,6215.0,9327.0,,,,
false,true,40,24,256,7,97.27626459143968,952.0,3864.1344537815125,5791.0,7955.0,,,,
false,true,40,24,384,1,142.6126640045636,945.0,3655.5354497354497,5723.0,8751.0,,,,
false,true,40,24,384,3,97.53242953281966,951.0,3899.8243953732913,6111.0,8783.0,,,,
false,true,40,24,384,5,96.86168151879117,951.0,3953.7928496319664,5971.0,8327.0,,,,
false,true,40,24,384,7,99.97000899730081,942.0,3637.8163481953293,6027.0,8607.0,,,,
false,true,40,24,512,1,96.51578033008397,945.0,4013.443386243386,6255.0,10679.0,,,,
false,true,40,24,512,3,135.53808620222281,953.0,4030.9643231899267,6403.0,9791.0,,,,
false,true,40,24,512,5,98.80446596186148,951.0,3710.975814931651,5571.0,9183.0,,,,
false,true,40,24,512,7,135.5197181189863,945.0,3996.5280423280424,6363.0,8527.0,,,,
false,true,40,24,640,1,97.02144173862423,956.0,3939.484309623431,6395.0,9647.0,,,,
false,true,40,24,640,3,99.9900009999,955.0,3666.90890052356,5943.0,9511.0,,,,
false,true,40,24,640,5,96.44131545954286,956.0,4018.3880753138073,6239.0,9695.0,,,,
false,true,40,24,640,7,96.53441451877595,950.0,3997.5347368421053,6035.0,8991.0,,,,
false,true,40,32,256,1,98.833761612967,955.0,3742.450261780105,5895.0,8047.0,,,,
false,true,40,32,256,3,97.03085581214826,957.0,3915.0114942528735,5991.0,9895.0,,,,
false,true,40,32,256,5,96.3020030816641,946.0,3986.906976744186,5963.0,10887.0,,,,
false,true,40,32,256,7,100.41168792047394,957.0,3605.9205851619645,5419.0,7807.0,,,,
false,true,40,32,384,1,97.06853038245,947.0,3955.428722280887,6231.0,9247.0,,,,
false,true,40,32,384,3,96.60902328277461,939.0,3959.369542066028,5955.0,9983.0,,,,
false,true,40,32,384,5,141.82385477237273,946.0,3739.600422832981,5971.0,8695.0,,,,
false,true,40,32,384,7,95.96008060646771,942.0,4069.5371549893844,6359.0,9519.0,,,,
false,true,40,32,512,1,135.2082206598161,945.0,4056.866666666667,6279.0,10135.0,,,,
false,true,40,32,512,3,100.22048506714772,949.0,3614.391991570074,5371.0,8119.0,,,,
false,true,40,32,512,5,134.9527665317139,967.0,3933.105480868666,5963.0,9879.0,,,,
false,true,40,32,512,7,97.13453132588636,956.0,3909.9916317991633,6351.0,8695.0,,,,
false,true,40,32,640,1,99.84025559105432,959.0,3661.303441084463,5711.0,8831.0,,,,
false,true,40,32,640,3,97.58953840148337,961.0,3893.137356919875,6079.0,9215.0,,,,
false,true,40,32,640,5,96.31127805065974,934.0,4000.6927194860814,6107.0,9015.0,,,,
false,true,40,32,640,7,142.36902050113895,949.0,3652.118018967334,5631.0,8455.0,,,,
false,true,40,40,256,1,97.7230528681716,950.0,3864.563157894737,6119.0,9607.0,,,,
false,true,40,40,256,3,137.23068478111705,950.0,3926.642105263158,6007.0,9783.0,,,,
false,true,40,40,256,5,99.98000399920016,946.0,3622.7093023255816,5451.0,7775.0,,,,
false,true,40,40,256,7,135.68521031207598,944.0,3999.7245762711864,6259.0,9663.0,,,,
false,true,40,40,384,1,96.05225242531938,938.0,4014.1918976545844,6235.0,10383.0,,,,
false,true,40,40,384,3,113.71389583807141,955.0,3579.7602094240838,5479.0,9583.0,,,,
false,true,40,40,384,5,96.59036028204385,958.0,3974.2985386221294,6227.0,9743.0,,,,
false,true,40,40,384,7,96.73986649898423,944.0,3906.7669491525426,6195.0,8679.0,,,,
false,true,40,40,512,1,142.673705236125,961.0,3666.8896982310093,5711.0,8127.0,,,,
false,true,40,40,512,3,96.58103148541626,949.0,3991.4025289778715,6167.0,9119.0,,,,
false,true,40,40,512,5,135.28138528138527,949.0,4050.300316122234,6123.0,9487.0,,,,
false,true,40,40,512,7,99.47279419078882,950.0,3705.7494736842104,5767.0,9007.0,,,,
false,true,40,40,640,1,137.91201213625706,947.0,3913.621964097149,6223.0,8591.0,,,,
false,true,40,40,640,3,96.3020030816641,948.0,3997.509493670886,6019.0,10367.0,,,,
false,true,40,40,640,5,142.571998859424,956.0,3672.634937238494,5851.0,8247.0,,,,
false,true,40,40,640,7,97.17228646390049,933.0,3937.6977491961416,6071.0,11087.0,,,,
true,false,16,16,256,1,119.09015124449208,950.0,3956.9694736842107,5923.0,9567.0,,,,
true,false,16,16,256,3,99.79044007584073,959.0,3671.788321167883,5603.0,8263.0,,,,
true,false,16,16,256,5,97.52291788570314,961.0,3923.239334027055,6255.0,9311.0,,,,
true,false,16,16,256,7,137.24951962668132,944.0,3908.343220338983,5947.0,8783.0,,,,
true,false,16,16,384,1,99.7207818109294,946.0,3716.2124735729385,5751.0,8903.0,,,,
true,false,16,16,384,3,137.83597518952448,954.0,3906.2714884696015,6215.0,8759.0,,,,
true,false,16,16,384,5,96.35767970707265,955.0,3995.669109947644,6143.0,9479.0,,,,
true,false,16,16,384,7,99.63136395337253,958.0,3669.5407098121086,5619.0,9143.0,,,,
true,false,16,16,512,1,138.08340237503452,949.0,3912.0811380400423,6159.0,9615.0,,,,
true,false,16,16,512,3,96.31127805065974,952.0,4025.573529411765,6551.0,8687.0,,,,
true,false,16,16,512,5,143.04105278214848,944.0,3629.334745762712,5631.0,8935.0,,,,
true,false,16,16,512,7,97.06853038245,953.0,3937.133263378804,6107.0,9703.0,,,,
true,false,16,16,640,1,96.9649956365752,944.0,3893.1631355932204,5967.0,8047.0,,,,
true,false,16,16,640,3,99.86019572598363,953.0,3639.6243441762854,5623.0,8215.0,,,,
true,false,16,16,640,5,96.23712828409201,959.0,4042.6298227320126,6255.0,9023.0,,,,
true,false,16,16,640,7,136.93002875530604,945.0,3928.0973544973544,6247.0,9575.0,,,,
true,false,16,24,256,1,99.97000899730081,947.0,3616.531151003168,5751.0,8831.0,,,,
true,false,16,24,256,3,136.40703860319192,936.0,3924.1602564102564,6255.0,9391.0,,,,
true,false,16,24,256,5,97.46588693957115,954.0,3920.853249475891,5999.0,9463.0,,,,
true,false,16,24,256,7,142.38929232521716,955.0,3675.8837696335077,5499.0,9375.0,,,,
true,false,16,24,384,1,97.22897423432183,948.0,3840.684599156118,5983.0,8711.0,,,,
true,false,16,24,384,3,96.76795045480937,934.0,3971.8062098501073,6207.0,9271.0,,,,
true,false,16,24,384,5,100.53282396702524,958.0,3587.9937369519835,5891.0,8775.0,,,,
true,false,16,24,384,7,97.50390015600624,944.0,3895.7203389830506,6011.0,8391.0,,,,
true,false,16,24,512,1,136.1841209314994,949.0,3989.04531085353,6187.0,9175.0,,,,
true,false,16,24,512,3,98.93153937475267,942.0,3783.2505307855627,6159.0,8543.0,,,,
true,false,16,24,512,5,112.47328759419638,947.0,3962.2523759239702,6115.0,10663.0,,,,
true,false,16,24,512,7,97.81864423359092,951.0,3858.912723449001,5987.0,9487.0,,,,
true,false,16,24,640,1,100.67451927917044,959.0,3619.3587069864443,5611.0,8391.0,,,,
true,false,16,24,640,3,97.33307377846992,965.0,3897.5046632124354,6231.0,8199.0,,,,
true,false,16,24,640,5,96.34839579920994,955.0,3955.8910994764396,5919.0,7763.0,,,,
true,false,16,24,640,7,100.0100010001,948.0,3643.2289029535864,5875.0,8375.0,,,,
true,false,16,32,256,1,96.9743987587277,954.0,3939.6299790356393,6435.0,8839.0,,,,
true,false,16,32,256,3,96.90861517588914,948.0,3950.1677215189875,6283.0,9647.0,,,,
true,false,16,32,256,5,99.96001599360255,951.0,3650.484752891693,5775.0,7427.0,,,,
true,false,16,32,256,7,96.50646593321753,947.0,4045.314677930306,6275.0,9495.0,,,,
true,false,16,32,384,1,96.63703131039814,943.0,3977.1134676564157,6359.0,10103.0,,,,
true,false,16,32,384,3,100.17028949213663,969.0,3646.9762641898865,5711.0,8179.0,,,,
true,false,16,32,384,5,96.51578033008397,944.0,3964.135593220339,6231.0,10231.0,,,,
true,false,16,32,384,7,96.43201542912247,938.0,3960.5031982942432,5695.0,8079.0,,,,
true,false,16,32,512,1,99.46290033817387,956.0,3710.865062761506,5891.0,8311.0,,,,
true,false,16,32,512,3,136.79890560875512,946.0,3974.402748414376,6067.0,8767.0,,,,
true,false,16,32,512,5,97.00261907071491,937.0,3963.186766275347,6255.0,10215.0,,,,
true,false,16,32,512,7,142.02528049992898,942.0,3701.2972399150744,5771.0,9167.0,,,,
true,false,16,32,640,1,97.23842862699338,942.0,3930.8747346072187,6223.0,8671.0,,,,
true,false,16,32,640,3,136.48150675583457,946.0,4009.2737843551795,6507.0,9439.0,,,,
true,false,16,32,640,5,100.080064051241,943.0,3621.6659597030753,5651.0,9231.0,,,,
true,false,16,32,640,7,96.95559433779329,937.0,3936.7043756670223,6027.0,9703.0,,,,
true,false,16,40,256,1,96.9649956365752,954.0,3933.2578616352203,6143.0,9959.0,,,,
true,false,16,40,256,3,100.02000400080016,951.0,3667.2450052576237,5431.0,7831.0,,,,
true,false,16,40,256,5,136.66803334700015,938.0,3953.224946695096,6087.0,9999.0,,,,
true,false,16,40,256,7,96.48784253184098,961.0,3991.0520291363164,5907.0,10311.0,,,,
true,false,16,40,384,1,142.85714285714286,953.0,3657.224554039874,5791.0,8575.0,,,,
true,false,16,40,384,3,96.79605072113058,947.0,3933.7043294614573,5827.0,8767.0,,,,
true,false,16,40,384,5,118.06375442739079,937.0,3935.2678762006403,6123.0,8223.0,,,,
true,false,16,40,384,7,99.98000399920016,955.0,3677.3968586387437,5967.0,8139.0,,,,
true,false,16,40,512,1,128.04097311139566,955.0,3909.992670157068,6211.0,10047.0,,,,
true,false,16,40,512,3,96.16309260505818,945.0,4004.594708994709,6127.0,10903.0,,,,
true,false,16,40,512,5,136.36983499249965,948.0,3721.659282700422,5803.0,10015.0,,,,
true,false,16,40,512,7,97.71350400625366,947.0,3902.7222808870115,6355.0,9591.0,,,,
true,false,16,40,640,1,95.84970765839164,943.0,4069.487804878049,6043.0,8727.0,,,,
true,false,16,40,640,3,99.45300845350572,949.0,3699.762908324552,5735.0,8359.0,,,,
true,false,16,40,640,5,97.0591089973794,947.0,3877.4487856388596,5943.0,9047.0,,,,
true,false,16,40,640,7,97.46588693957115,957.0,3899.573667711599,6123.0,8075.0,,,,
true,false,24,16,256,1,99.6412913511359,960.0,3674.3875,5755.0,7935.0,,,,
true,false,24,16,256,3,137.40038472107722,949.0,3916.3424657534247,5915.0,8671.0,,,,
true,false,24,16,256,5,96.62769349695623,940.0,3930.8563829787236,6407.0,8711.0,,,,
true,false,24,16,256,7,142.69406392694063,939.0,3675.361022364217,5867.0,8391.0,,,,
true,false,24,16,384,1,97.61811792268645,949.0,3923.9704952581665,6123.0,8215.0,,,,
true,false,24,16,384,3,136.53741125068268,944.0,3969.9523305084745,6015.0,9391.0,,,,
true,false,24,16,384,5,100.05002501250625,949.0,3662.139093782929,5723.0,8743.0,,,,
true,false,24,16,384,7,97.24788485850432,957.0,3932.8129571577847,5903.0,8391.0,,,,
true,false,24,16,512,1,96.9743987587277,959.0,3907.3472367049008,5863.0,8187.0,,,,
true,false,24,16,512,3,99.04912836767036,944.0,3736.9322033898306,5835.0,8303.0,,,,
true,false,24,16,512,5,97.7230528681716,945.0,3856.140740740741,5839.0,7763.0,,,,
true,false,24,16,512,7,95.84052137243627,948.0,4002.5896624472575,6351.0,10007.0,,,,
true,false,24,16,640,1,99.88014382740711,944.0,3628.9417372881358,5551.0,8663.0,,,,
true,false,24,16,640,3,126.77484787018255,941.0,3926.547290116897,6083.0,9831.0,,,,
true,false,24,16,640,5,97.04968944099379,950.0,3922.742105263158,5795.0,8631.0,,,,
true,false,24,16,640,7,99.27529038022436,963.0,3692.9501557632398,5759.0,7935.0,,,,
true,false,24,24,256,1,96.8054211035818,947.0,3929.5163674762407,6007.0,9791.0,,,,
true,false,24,24,256,3,96.90861517588914,944.0,3909.8824152542375,5883.0,8207.0,,,,
true,false,24,24,256,5,99.10802775024777,955.0,3734.0680628272253,5715.0,9383.0,,,,
true,false,24,24,256,7,96.78668215253582,944.0,3965.2966101694915,6091.0,11279.0,,,,
true,false,24,24,384,1,136.2769146906514,945.0,4001.5185185185187,6423.0,9767.0,,,,
true,false,24,24,384,3,99.88014382740711,952.0,3644.665966386555,5623.0,8107.0,,,,
true,false,24,24,384,5,136.986301369863,948.0,3970.2331223628694,6395.0,9367.0,,,,
true,false,24,24,384,7,96.76795045480937,958.0,3974.451983298539,6163.0,9335.0,,,,
true,false,24,24,512,1,143.94702749388225,957.0,3633.1849529780566,5543.0,7959.0,,,,
true,false,24,24,512,3,96.05225242531938,950.0,4084.2094736842105,6347.0,9791.0,,,,
true,false,24,24,512,5,136.53741125068268,951.0,3929.2145110410092,6047.0,9535.0,,,,
true,false,24,24,512,7,99.39369843951893,951.0,3730.526813880126,5843.0,9287.0,,,,
true,false,24,24,640,1,97.03085581214826,960.0,3932.1666666666665,5931.0,9023.0,,,,
true,false,24,24,640,3,97.35202492211837,934.0,3923.1402569593147,6347.0,8019.0,,,,
true,false,24,24,640,5,99.15716410510659,942.0,3714.695329087049,5687.0,9727.0,,,,
true,false,24,24,640,7,96.93679720822024,950.0,3952.4905263157893,6163.0,9823.0,,,,
true,false,24,32,256,1,97.18172983479106,947.0,3920.998944033791,5987.0,8951.0,,,,
true,false,24,32,256,3,142.45014245014244,949.0,3689.5216016859854,5795.0,10319.0,,,,
true,false,24,32,256,5,97.28572818367546,966.0,3929.2391304347825,6283.0,9063.0,,,,
true,false,24,32,256,7,136.2769146906514,945.0,3938.495238095238,6071.0,8583.0,,,,
true,false,24,32,384,1,99.81036031540074,938.0,3708.618336886994,5555.0,8495.0,,,,
true,false,24,32,384,3,137.85497656465398,954.0,3925.0974842767296,5899.0,8391.0,,,,
true,false,24,32,384,5,95.53835865099838,950.0,4014.755789473684,6391.0,10023.0,,,,
true,false,24,32,384,7,99.74067424695791,941.0,3668.623804463337,5675.0,9335.0,,,,
true,false,24,32,512,1,97.02144173862423,948.0,3932.48417721519,5923.0,8879.0,,,,
true,false,24,32,512,3,96.72115291614276,949.0,3971.2992623814544,6199.0,8015.0,,,,
true,false,24,32,512,5,141.28284826222097,944.0,3737.197033898305,5683.0,9463.0,,,,
true,false,24,32,512,7,96.9838037047813,949.0,3926.572181243414,6175.0,9343.0,,,,
true,false,24,32,640,1,133.5291761249833,937.0,4024.6894343649947,6371.0,10183.0,,,,
true,false,24,32,640,3,99.33445912387008,952.0,3662.794117647059,5619.0,7799.0,,,,
true,false,24,32,640,5,138.217000691085,951.0,3898.9505783385907,6131.0,9583.0,,,,
true,false,24,32,640,7,96.3948332369385,957.0,4010.222570532915,6259.0,9471.0,,,,
true,false,24,40,256,1,142.38929232521716,934.0,3682.775160599572,5643.0,8919.0,,,,
true,false,24,40,256,3,96.37625289128759,956.0,4023.0083682008367,6219.0,8423.0,,,,
true,false,24,40,256,5,137.02384214853384,957.0,3944.44618599791,6007.0,8783.0,,,,
true,false,24,40,256,7,100.34115994380895,949.0,3609.9936775553215,5463.0,7343.0,,,,
true,false,24,40,384,1,96.24639076034649,946.0,4038.8245243128963,6535.0,10895.0,,,,
true,false,24,40,384,3,95.83133684714902,951.0,4020.217665615142,6391.0,8599.0,,,,
true,false,24,40,384,5,99.43323058566173,934.0,3751.2387580299787,5711.0,9727.0,,,,
true,false,24,40,384,7,96.76795045480937,961.0,3997.9667013527574,6211.0,9919.0,,,,
true,false,24,40,512,1,96.53441451877595,945.0,4009.078306878307,6127.0,8567.0,,,,
true,false,24,40,512,3,144.65499783017503,953.0,3575.2665267576076,5635.0,8751.0,,,,
true,false,24,40,512,5,96.70244657189826,945.0,3992.1026455026454,6007.0,9063.0,,,,
true,false,24,40,512,7,136.986301369863,956.0,3950.365062761506,6123.0,10207.0,,,,
true,false,24,40,640,1,99.85022466300549,959.0,3666.016684045881,5667.0,7987.0,,,,
true,false,24,40,640,3,97.25734292939117,948.0,3899.0200421940926,5751.0,9879.0,,,,
true,false,24,40,640,5,96.05225242531938,942.0,4020.3694267515925,6339.0,10175.0,,,,
true,false,24,40,640,7,100.20040080160321,944.0,3627.865466101695,5727.0,8599.0,,,,
true,false,32,16,256,1,137.5894331315355,958.0,3941.0574112734867,6271.0,10887.0,,,,
true,false,32,16,256,3,97.11566475672527,951.0,3963.5520504731862,6091.0,9015.0,,,,
true,false,32,16,256,5,142.6126640045636,961.0,3692.862643080125,5751.0,8159.0,,,,
true,false,32,16,256,7,96.4785335262904,955.0,3982.398952879581,6195.0,8783.0,,,,
true,false,32,16,384,1,137.13658804168952,957.0,3955.222570532915,6515.0,9943.0,,,,
true,false,32,16,384,3,98.66798223976319,948.0,3727.7879746835442,5935.0,8335.0,,,,
true,false,32,16,384,5,97.39943508327652,953.0,3925.02203567681,6119.0,7719.0,,,,
true,false,32,16,384,7,97.34254842791785,949.0,3927.368809272919,6007.0,10783.0,,,,
true,false,32,16,512,1,99.68102073365232,951.0,3692.584647739222,5995.0,7843.0,,,,
true,false,32,16,512,3,96.85230024213075,946.0,4001.237843551797,6159.0,8391.0,,,,
true,false,32,16,512,5,96.45061728395062,954.0,3971.2955974842766,6143.0,9495.0,,,,
true,false,32,16,512,7,142.6330052774212,945.0,3713.7068783068785,6015.0,8967.0,,,,
true,false,32,16,640,1,97.59906304899474,955.0,3893.37277486911,5847.0,9439.0,,,,
true,false,32,16,640,3,135.2447930754666,946.0,4001.7811839323467,6395.0,10375.0,,,,
true,false,32,16,640,5,141.6029453412631,955.0,3743.324607329843,5783.0,7383.0,,,,
true,false,32,16,640,7,138.29345871940257,955.0,3910.0167539267018,5935.0,10391.0,,,,
true,false,32,24,256,1,96.18159084351255,947.0,3996.794086589229,6243.0,10127.0,,,,
true,false,32,24,256,3,99.50248756218906,943.0,3683.0530222693533,5603.0,8855.0,,,,
true,false,32,24,256,5,96.03380389897244,950.0,4024.8473684210526,6107.0,8975.0,,,,
true,false,32,24,256,7,97.00261907071491,945.0,3884.5037037037036,6067.0,8127.0,,,,
true,false,32,24,384,1,99.91008092716555,951.0,3670.054679284963,5815.0,8063.0,,,,
true,false,32,24,384,3,96.64637092877163,942.0,3984.176220806794,6059.0,11111.0,,,,
true,false,32,24,384,5,96.76795045480937,954.0,3992.684486373166,6127.0,9783.0,,,,
true,false,32,24,384,7,143.10246136233542,957.0,3695.8693834900732,6079.0,9015.0,,,,
true,false,32,24,512,1,97.36150326161037,949.0,3927.7955742887248,6223.0,9343.0,,,,
true,false,32,24,512,3,137.76002204160352,954.0,3919.9056603773583,6019.0,7691.0,,,,
true,false,32,24,512,5,99.11785112498761,940.0,3739.5521276595746,5691.0,8575.0,,,,
true,false,32,24,512,7,97.0873786407767,945.0,3932.0962962962963,6147.0,9103.0,,,,
true,false,32,24,640,1,96.2186086789185,944.0,3967.226694915254,6103.0,8735.0,,,,
true,false,32,24,640,3,99.92006394884093,960.0,3634.8010416666666,5655.0,8983.0,,,,
true,false,32,24,640,5,96.68374746205163,947.0,3950.0316789862723,6135.0,9103.0,,,,
true,false,32,24,640,7,96.3020030816641,942.0,3994.803609341826,6139.0,8551.0,,,,
true,false,32,32,256,1,100.39152695512499,949.0,3654.336143308746,5503.0,9879.0,,,,
true,false,32,32,256,3,97.99118079372856,958.0,3892.5741127348642,5759.0,9087.0,,,,
true,false,32,32,256,5,96.8804495252858,943.0,3954.104984093319,6059.0,10479.0,,,,
true,false,32,32,256,7,99.6710854181202,950.0,3685.8,5731.0,8743.0,,,,
true,false,32,32,384,1,97.71350400625366,956.0,3866.510460251046,5863.0,8407.0,,,,
true,false,32,32,384,3,96.60902328277461,938.0,4014.824093816631,6295.0,8903.0,,,,
true,false,32,32,384,5,100.2707309736288,953.0,3650.00629590766,5475.0,8871.0,,,,
true,false,32,32,384,7,97.75171065493646,961.0,3851.4693028095735,6091.0,8559.0,,,,
true,false,32,32,512,1,135.080372821829,941.0,4018.9256110520723,6303.0,11127.0,,,,
true,false,32,32,512,3,99.4233446013124,945.0,3733.7830687830688,6043.0,9103.0,,,,
true,false,32,32,512,5,136.5747063643813,941.0,3943.749202975558,6027.0,9031.0,,,,
true,false,32,32,512,7,95.47450830628222,934.0,4085.5107066381156,6495.0,9975.0,,,,
true,false,32,32,640,1,142.00511218403864,961.0,3708.978147762747,5667.0,9095.0,,,,
true,false,32,32,640,3,97.33307377846992,960.0,3911.858333333333,5931.0,9159.0,,,,
true,false,32,32,640,5,96.94619486185167,949.0,3960.8714436248683,6259.0,9919.0,,,,
true,false,32,32,640,7,99.87016878058525,945.0,3625.0031746031746,5663.0,7231.0,,,,
true,false,32,40,256,1,97.63718023823472,954.0,3876.3396226415093,6099.0,8099.0,,,,
true,false,32,40,256,3,96.26492106276473,960.0,4004.007291666667,6199.0,9271.0,,,,
true,false,32,40,256,5,99.61151509114454,961.0,3721.1165452653486,5719.0,9223.0,,,,
true,false,32,40,256,7,96.69309611293754,953.0,3944.7334732423924,5939.0,8519.0,,,,
true,false,32,40,384,1,96.12611746611555,949.0,3997.3867228661748,6063.0,8319.0,,,,
true,false,32,40,384,3,143.4308663224326,952.0,3653.2710084033615,5515.0,8423.0,,,,
true,false,32,40,384,5,97.59906304899474,944.0,3879.5625,5943.0,9063.0,,,,
true,false,32,40,384,7,136.51877133105802,945.0,3924.9227513227515,6139.0,8127.0,,,,
true,false,32,40,512,1,99.9900009999,944.0,3685.7754237288136,5539.0,8463.0,,,,
true,false,32,40,512,3,97.06853038245,949.0,3942.004214963119,6155.0,9103.0,,,,
true,false,32,40,512,5,96.59969088098919,945.0,3951.253968253968,5915.0,11199.0,,,,
true,false,32,40,512,7,99.58175662218682,959.0,3731.500521376434,5811.0,8791.0,,,,
true,false,32,40,640,1,97.30466089325678,953.0,3932.184679958027,5819.0,8039.0,,,,
true,false,32,40,640,3,95.90486237652249,947.0,4028.4329461457232,6003.0,9999.0,,,,
true,false,32,40,640,5,142.1666192777936,946.0,3704.0845665961947,5991.0,10287.0,,,,
true,false,32,40,640,7,97.22897423432183,947.0,3923.9788806758183,5951.0,8407.0,,,,
true,false,40,16,256,1,138.50415512465375,950.0,3896.883157894737,6171.0,9143.0,,,,
true,false,40,16,256,3,100.74551682450131,955.0,3613.240837696335,5703.0,9567.0,,,,
true,false,40,16,256,5,137.1553970648745,953.0,3984.555089192025,6019.0,10343.0,,,,
true,false,40,16,256,7,96.9274013763691,944.0,3958.927966101695,6043.0,8439.0,,,,
true,false,40,16,384,1,139.14011409489356,958.0,3721.764091858038,5843.0,8575.0,,,,
true,false,40,16,384,3,96.9649956365752,941.0,3921.163655685441,6191.0,10135.0,,,,
true,false,40,16,384,5,97.03085581214826,936.0,3953.1346153846152,6099.0,9191.0,,,,
true,false,40,16,384,7,99.77052778609199,950.0,3686.02,5711.0,9607.0,,,,
true,false,40,16,512,1,96.83354313934346,947.0,3937.37909186906,6167.0,10695.0,,,,
true,false,40,16,512,3,96.60902328277461,945.0,3978.204232804233,6223.0,9415.0,,,,
true,false,40,16,512,5,99.36406995230524,946.0,3716.369978858351,5563.0,9983.0,,,,
true,false,40,16,512,7,96.79605072113058,938.0,3915.2622601279318,6167.0,9095.0,,,,
true,false,40,16,640,1,96.66505558240696,949.0,3965.199157007376,5963.0,8503.0,,,,
true,false,40,16,640,3,99.45300845350572,946.0,3743.985200845666,5975.0,9607.0,,,,
true,false,40,16,640,5,96.58103148541626,954.0,3999.8343815513626,6147.0,9543.0,,,,
true,false,40,16,640,7,96.50646593321753,948.0,3991.2109704641352,6199.0,9711.0,,,,
true,false,40,24,256,1,100.2707309736288,961.0,3615.0239334027056,5571.0,7839.0,,,,
true,false,40,24,256,3,96.89922480620154,929.0,3873.551130247578,5895.0,9751.0,,,,
true,false,40,24,256,5,97.02144173862423,940.0,3968.6925531914894,6175.0,10567.0,,,,
true,false,40,24,256,7,100.02000400080016,947.0,3668.0580781414997,5591.0,10303.0,,,,
true,false,40,24,384,1,98.30908375933936,938.0,3843.147121535181,5855.0,8679.0,,,,
true,false,40,24,384,3,96.64637092877163,941.0,3914.7066950053136,6179.0,7995.0,,,,
true,false,40,24,384,5,100.46212577858148,946.0,3621.959830866808,5459.0,7295.0,,,,
true,false,40,24,384,7,96.9274013763691,951.0,3910.0031545741326,5991.0,9239.0,,,,
true,false,40,24,512,1,96.66505558240696,950.0,3965.4273684210525,5847.0,9375.0,,,,
true,false,40,24,512,3,144.61315979754158,958.0,3616.926931106472,5411.0,8415.0,,,,
true,false,40,24,512,5,97.16284492809949,939.0,3872.1703940362086,6031.0,9551.0,,,,
true,false,40,24,512,7,136.31406761177755,955.0,3969.165445026178,6367.0,9535.0,,,,
true,false,40,24,640,1,99.41346058256288,940.0,3705.8659574468084,5743.0,10015.0,,,,
true,false,40,24,640,3,137.89299503585218,953.0,3899.9895068205665,5735.0,8703.0,,,,
true,false,40,24,640,5,96.8147933004163,950.0,3938.7915789473686,5887.0,8215.0,,,,
true,false,40,24,640,7,143.8641922025608,966.0,3635.782608695652,5563.0,8839.0,,,,
true,false,40,32,256,1,97.1534052268532,961.0,3912.8418314255982,6107.0,9159.0,,,,
true,false,40,32,256,3,96.40412609659694,954.0,3967.684486373166,6035.0,9487.0,,,,
true,false,40,32,256,5,100.10010010010011,947.0,3610.6726504751846,5563.0,7551.0,,,,
true,false,40,32,256,7,96.2186086789185,953.0,4008.243441762854,6079.0,9567.0,,,,
true,false,40,32,384,1,96.61835748792271,947.0,4015.0432946145725,6203.0,10215.0,,,,
true,false,40,32,384,3,100.52271813429836,946.0,3613.4936575052852,5619.0,7455.0,,,,
true,false,40,32,384,5,137.91201213625706,948.0,3956.2141350210973,6187.0,8999.0,,,,
true,false,40,32,384,7,97.43739647276625,950.0,3895.033684210526,6375.0,9215.0,,,,
true,false,40,32,512,1,142.53135689851769,950.0,3669.42,5595.0,9031.0,,,,
true,false,40,32,512,3,97.02144173862423,946.0,3985.743128964059,6279.0,8551.0,,,,
true,false,40,32,512,5,136.4442625187611,947.0,4007.242872228089,5959.0,8791.0,,,,
true,false,40,32,512,7,99.78048293753741,951.0,3684.3249211356465,5691.0,8263.0,,,,
true,false,40,32,640,1,135.8695652173913,943.0,3995.522799575822,6263.0,9567.0,,,,
true,false,40,32,640,3,96.07993850883935,949.0,4041.0031612223393,6243.0,8575.0,,,,
true,false,40,32,640,5,126.71059300557526,944.0,3692.9618644067796,5667.0,9047.0,,,,
true,false,40,32,640,7,97.75171065493646,958.0,3897.5762004175367,6347.0,10191.0,,,,
true,false,40,40,256,1,96.61835748792271,943.0,4014.727465535525,6235.0,12007.0,,,,
true,false,40,40,256,3,98.80446596186148,954.0,3751.2442348008385,5903.0,9143.0,,,,
true,false,40,40,256,5,97.52291788570314,953.0,3899.9013641133265,5831.0,8207.0,,,,
true,false,40,40,256,7,96.25565501973242,961.0,4016.395421436004,6023.0,8719.0,,,,
true,false,40,40,384,1,99.76057462090982,952.0,3717.823529411765,5683.0,9831.0,,,,
true,false,40,40,384,3,96.40412609659694,955.0,3996.707853403141,5843.0,9591.0,,,,
true,false,40,40,384,5,96.9274013763691,959.0,3968.187695516163,6327.0,9223.0,,,,
true,false,40,40,384,7,99.22603691208573,947.0,3742.3717001055966,5743.0,10335.0,,,,
true,false,40,40,512,1,101.09179134654266,950.0,3832.803157894737,6059.0,8927.0,,,,
true,false,40,40,512,3,96.70244657189826,952.0,3970.698529411765,6287.0,9071.0,,,,
true,false,40,40,512,5,98.85330170027679,949.0,3748.199157007376,6087.0,9335.0,,,,
true,false,40,40,512,7,97.67532721234616,948.0,3877.1993670886077,6039.0,8679.0,,,,
true,false,40,40,640,1,96.51578033008397,948.0,3964.568565400844,6023.0,7947.0,,,,
true,false,40,40,640,3,99.7207818109294,953.0,3671.763903462749,5839.0,8655.0,,,,
true,false,40,40,640,5,97.30466089325678,945.0,3895.057142857143,6119.0,8967.0,,,,
true,false,40,40,640,7,96.4785335262904,953.0,3984.474291710388,6075.0,8839.0,,,,
true,true,16,16,256,1,99.66115208291808,959.0,3702.7705943691344,5971.0,8775.0,,,,
true,true,16,16,256,3,136.6493577480186,954.0,3927.813417190776,6303.0,7939.0,,,,
true,true,16,16,256,5,97.30466089325678,960.0,3945.272916666667,6111.0,9103.0,,,,
true,true,16,16,256,7,142.40956992309884,944.0,3668.3781779661017,5803.0,9431.0,,,,
true,true,16,16,384,1,96.8147933004163,952.0,3950.0126050420167,5951.0,9791.0,,,,
true,true,16,16,384,3,135.63000135630003,943.0,4011.5980911983033,6203.0,8407.0,,,,
true,true,16,16,384,5,100.23053021950486,959.0,3634.2554744525546,5547.0,8751.0,,,,
true,true,16,16,384,7,120.68549360366885,948.0,3880.190928270042,5787.0,8727.0,,,,
true,true,16,16,512,1,96.51578033008397,955.0,3997.255497382199,6415.0,8319.0,,,,
true,true,16,16,512,3,99.96001599360255,953.0,3603.5939139559287,5563.0,8647.0,,,,
true,true,16,16,512,5,96.79605072113058,950.0,3954.998947368421,6103.0,10319.0,,,,
true,true,16,16,512,7,96.43201542912247,959.0,4022.2346193952035,6287.0,10511.0,,,,
true,true,16,16,640,1,142.28799089356858,952.0,3676.218487394958,5551.0,8583.0,,,,
true,true,16,16,640,3,97.38046547862498,959.0,3936.700729927007,6095.0,9207.0,,,,
true,true,16,16,640,5,115.15430677107324,948.0,3968.0168776371306,6323.0,12007.0,,,,
true,true,16,16,640,7,99.58175662218682,943.0,3697.071049840933,5659.0,9223.0,,,,
true,true,16,24,256,1,96.9274013763691,941.0,3911.963868225292,6051.0,9159.0,,,,
true,true,16,24,256,3,96.45061728395062,955.0,4021.098429319372,6283.0,10079.0,,,,
true,true,16,24,256,5,99.62143853357243,944.0,3701.398305084746,5663.0,9775.0,,,,
true,true,16,24,256,7,96.45992090286487,946.0,4032.4503171247356,6351.0,10039.0,,,,
true,true,16,24,384,1,95.30162965786715,942.0,4109.686836518047,6439.0,10199.0,,,,
true,true,16,24,384,3,143.2459533018192,945.0,3683.8751322751323,5895.0,11103.0,,,,
true,true,16,24,384,5,96.94619486185167,953.0,3927.112277019937,6171.0,8983.0,,,,
true,true,16,24,384,7,133.15579227696404,945.0,3900.4285714285716,6075.0,8983.0,,,,
true,true,16,24,512,1,100.10010010010011,961.0,3692.3558792924036,5491.0,9031.0,,,,
true,true,16,24,512,3,97.98157946306094,943.0,3842.7062566277837,5911.0,8415.0,,,,
true,true,16,24,512,5,96.78668215253582,948.0,3921.2289029535864,5879.0,8011.0,,,,
true,true,16,24,512,7,99.50248756218906,955.0,3713.565445026178,5691.0,8351.0,,,,
true,true,16,24,640,1,95.61143512764127,950.0,4039.932631578947,6311.0,11847.0,,,,
true,true,16,24,640,3,97.07795359673818,946.0,3897.4936575052852,6291.0,8967.0,,,,
true,true,16,24,640,5,100.0,949.0,3659.5964172813487,5751.0,8199.0,,,,
true,true,16,24,640,7,97.27626459143968,958.0,3902.613778705637,5979.0,8727.0,,,,
true,true,16,32,256,1,96.66505558240696,956.0,3980.086820083682,5963.0,9575.0,,,,
true,true,16,32,256,3,99.77052778609199,948.0,3670.0464135021098,5815.0,9111.0,,,,
true,true,16,32,256,5,96.9838037047813,955.0,3966.0157068062827,6063.0,8711.0,,,,
true,true,16,32,256,7,96.45061728395062,957.0,3994.770114942529,6091.0,9047.0,,,,
true,true,16,32,384,1,99.82032341784787,961.0,3699.3839750260145,5439.0,9327.0,,,,
true,true,16,32,384,3,139.50892857142858,950.0,3853.466315789474,6011.0,9719.0,,,,
true,true,16,32,384,5,97.44689144416293,951.0,3881.356466876972,6143.0,8719.0,,,,
true,true,16,32,384,7,99.86019572598363,945.0,3637.610582010582,5623.0,8975.0,,,,
true,true,16,32,512,1,97.14396735962697,959.0,3904.99582898853,5787.0,9191.0,,,,
true,true,16,32,512,3,96.99321047526674,944.0,3932.3495762711864,6047.0,8359.0,,,,
true,true,16,32,512,5,143.143429716576,951.0,3670.5741324921137,5519.0,7631.0,,,,
true,true,16,32,512,7,96.72115291614276,948.0,3969.3048523206753,6043.0,8935.0,,,,
true,true,16,32,640,1,137.77900248002206,946.0,3936.5380549682877,5859.0,9671.0,,,,
true,true,16,32,640,3,99.63136395337253,952.0,3684.2731092436975,5871.0,8727.0,,,,
true,true,16,32,640,5,137.62730525736305,954.0,3942.789308176101,5943.0,9183.0,,,,
true,true,16,32,640,7,95.96928982725528,959.0,4044.844629822732,6303.0,9951.0,,,,
true,true,16,40,256,1,142.9592566118656,946.0,3686.836152219873,5883.0,10567.0,,,,
true,true,16,40,256,3,95.66631589017507,956.0,4030.483263598326,6483.0,10535.0,,,,
true,true,16,40,256,5,121.89176011701609,949.0,3904.7639620653317,5919.0,7867.0,,,,
true,true,16,40,256,7,99.82032341784787,959.0,3654.322210636079,5739.0,8023.0,,,,
true,true,16,40,384,1,140.39028499227854,955.0,3774.6806282722514,6007.0,7831.0,,,,
true,true,16,40,384,3,96.31127805065974,954.0,4038.051362683438,6151.0,9615.0,,,,
true,true,16,40,384,5,98.30908375933936,946.0,3795.4767441860463,5911.0,8623.0,,,,
true,true,16,40,384,7,136.66803334700015,955.0,3986.013612565445,6139.0,9855.0,,,,
true,true,16,40,512,1,96.79605072113058,952.0,3955.9170168067226,6087.0,9127.0,,,,
true,true,16,40,512,3,141.9849495953429,949.0,3719.6206533192835,5647.0,8575.0,,,,
true,true,16,40,512,5,97.11566475672527,954.0,3959.2431865828094,5971.0,9271.0,,,,
true,true,16,40,512,7,101.1020119300374,941.0,4021.3336875664186,6487.0,9807.0,,,,
true,true,16,40,640,1,99.05894006934126,953.0,3774.321091290661,5839.0,8223.0,,,,
true,true,16,40,640,3,97.45638826625085,959.0,3867.4775808133472,6423.0,8631.0,,,,
true,true,16,40,640,5,95.7670944263551,948.0,4045.2035864978902,5943.0,10671.0,,,,
true,true,16,40,640,7,100.31096398836392,951.0,3630.10094637224,5663.0,8767.0,,,,
true,true,24,16,256,1,97.8952520802741,951.0,3886.741324921136,5883.0,9967.0,,,,
true,true,24,16,256,3,95.72125969177755,946.0,3994.5792811839324,6387.0,8775.0,,,,
true,true,24,16,256,5,142.38929232521716,945.0,3695.703703703704,5771.0,8991.0,,,,
true,true,24,16,256,7,96.73986649898423,933.0,3921.037513397642,6011.0,10791.0,,,,
true,true,24,16,384,1,136.6493577480186,947.0,3960.6071805702218,6039.0,9639.0,,,,
true,true,24,16,384,3,100.150225338007,963.0,3650.055036344756,5647.0,7543.0,,,,
true,true,24,16,384,5,137.3060551970342,947.0,3916.5670538542768,6023.0,7747.0,,,,
true,true,24,16,384,7,96.77731539727088,950.0,3950.358947368421,6123.0,9183.0,,,,
true,true,24,16,512,1,98.59016070196195,945.0,3772.322751322751,5983.0,8847.0,,,,
true,true,24,16,512,3,97.79951100244499,959.0,3891.1459854014597,6019.0,9799.0,,,,
true,true,24,16,512,5,96.64637092877163,957.0,3990.289446185998,6187.0,8655.0,,,,
true,true,24,16,512,7,99.86019572598363,945.0,3643.425396825397,5523.0,8199.0,,,,
true,true,24,16,640,1,97.47538746466518,952.0,3938.0094537815125,6023.0,8791.0,,,,
true,true,24,16,640,3,96.43201542912247,950.0,3990.058947368421,6223.0,10367.0,,,,
true,true,24,16,640,5,99.86019572598363,948.0,3682.9947257383965,5867.0,8471.0,,,,
true,true,24,16,640,7,136.9487811558477,949.0,3988.0179135932563,6195.0,9463.0,,,,
true,true,24,24,256,1,96.07070804111827,951.0,3981.7465825446898,6167.0,9271.0,,,,
true,true,24,24,256,3,142.6126640045636,956.0,3718.121338912134,5959.0,8399.0,,,,
true,true,24,24,256,5,97.1534052268532,942.0,3939.276008492569,5919.0,10839.0,,,,
true,true,24,24,256,7,124.90632025980514,953.0,3944.080797481637,6091.0,9407.0,,,,
true,true,24,24,384,1,99.54210631096954,962.0,3692.7993762993765,5583.0,9535.0,,,,
true,true,24,24,384,3,96.82416731216111,954.0,3983.2809224318657,5943.0,8823.0,,,,
true,true,24,24,384,5,96.50646593321753,952.0,3978.955882352941,5955.0,8767.0,,,,
true,true,24,24,384,7,100.58338362502515,947.0,3605.8764519535375,5647.0,8343.0,,,,
true,true,24,24,512,1,137.62730525736305,952.0,3920.75,6283.0,8935.0,,,,
true,true,24,24,512,3,97.63718023823472,951.0,3916.3617245005257,5883.0,7283.0,,,,
true,true,24,24,512,5,143.4308663224326,961.0,3660.735691987513,5531.0,7991.0,,,,
true,true,24,24,512,7,97.22897423432183,956.0,3934.725941422594,6067.0,10127.0,,,,
true,true,24,24,640,1,136.7801942278758,956.0,3933.165271966527,6087.0,9703.0,,,,
true,true,24,24,640,3,99.53219866626854,954.0,3671.631027253669,5643.0,9191.0,,,,
true,true,24,24,640,5,96.46922631680494,954.0,3991.829140461216,5871.0,10151.0,,,,
true,true,24,24,640,7,96.65571235260003,940.0,3919.0170212765956,5827.0,8543.0,,,,
true,true,24,32,256,1,99.25558312655087,950.0,3716.435789473684,5959.0,10511.0,,,,
true,true,24,32,256,3,137.5515818431912,959.0,3884.202294056309,6019.0,8255.0,,,,
true,true,24,32,256,5,96.08917075045642,953.0,3962.156348373557,6027.0,8391.0,,,,
true,true,24,32,256,7,143.8228102977132,956.0,3612.475941422594,5567.0,9503.0,,,,
true,true,24,32,384,1,97.24788485850432,943.0,3892.28525980912,6003.0,10367.0,,,,
true,true,24,32,384,3,136.7801942278758,965.0,3941.665284974093,5987.0,9735.0,,,,
true,true,24,32,384,5,99.18666931164452,956.0,3683.1851464435144,5723.0,9919.0,,,,
true,true,24,32,384,7,96.9743987587277,953.0,3954.351521511018,6111.0,10199.0,,,,
true,true,24,32,512,1,96.56237929702588,937.0,3963.812166488794,6139.0,8607.0,,,,
true,true,24,32,512,3,100.52271813429836,954.0,3618.8218029350105,5759.0,7755.0,,,,
true,true,24,32,512,5,96.99321047526674,947.0,3960.882787750792,5915.0,9167.0,,,,
true,true,24,32,512,7,96.42271719217048,944.0,3975.614406779661,5907.0,8359.0,,,,
true,true,24,32,640,1,99.65122072745392,953.0,3683.706190975866,5815.0,9127.0,,,,
true,true,24,32,640,3,103.24179227751394,946.0,3939.686046511628,6047.0,10407.0,,,,
true,true,24,32,640,5,96.50646593321753,951.0,3963.0630914826497,6075.0,9151.0,,,,
true,true,24,32,640,7,100.29084344599337,959.0,3649.488008342023,5959.0,8743.0,,,,
true,true,24,40,256,1,96.95559433779329,931.0,3936.46723952739,6127.0,8495.0,,,,
true,true,24,40,256,3,96.56237929702588,952.0,3974.051470588235,6283.0,8455.0,,,,
true,true,24,40,256,5,143.16392269148176,948.0,3616.0305907172997,5675.0,9567.0,,,,
true,true,24,40,256,7,97.21952167995333,949.0,3943.3203371970494,6079.0,8415.0,,,,
true,true,24,40,384,1,136.07293509320996,959.0,4001.5422314911366,5987.0,9911.0,,,,
true,true,24,40,384,3,99.10802775024777,953.0,3663.0356768100733,5527.0,8111.0,,,,
true,true,24,40,384,5,136.81762210972772,940.0,3982.7595744680852,6127.0,8911.0,,,,
true,true,24,40,384,7,95.82215408202376,948.0,4062.39029535865,6251.0,8703.0,,,,
true,true,24,40,512,1,110.36309458117205,955.0,3691.873298429319,5647.0,9959.0,,,,
true,true,24,40,512,3,96.67440061871616,957.0,3963.466039707419,5851.0,10415.0,,,,
true,true,24,40,512,5,97.22897423432183,953.0,3909.474291710388,5851.0,9479.0,,,,
true,true,24,40,512,7,99.54210631096954,948.0,3675.2267932489453,5907.0,9031.0,,,,
true,true,24,40,640,1,96.9838037047813,945.0,3940.733333333333,6007.0,9911.0,,,,
true,true,24,40,640,3,96.32055480639569,944.0,3964.2976694915255,5887.0,9695.0,,,,
true,true,24,40,640,5,100.57326762546515,944.0,3590.9650423728813,5683.0,9679.0,,,,
true,true,24,40,640,7,96.73050880247631,946.0,4004.514799154334,6055.0,9791.0,,,,
true,true,32,16,256,1,97.23842862699338,953.0,3913.0671563483734,6139.0,9703.0,,,,
true,true,32,16,256,3,142.1262080727686,944.0,3702.228813559322,5667.0,9367.0,,,,
true,true,32,16,256,5,97.00261907071491,942.0,3925.4341825902334,6139.0,10167.0,,,,
true,true,32,16,256,7,135.85110718652356,945.0,3958.6349206349205,6251.0,9271.0,,,,
true,true,32,16,384,1,100.54293183189222,953.0,3596.756558237146,5643.0,7743.0,,,,
true,true,32,16,384,3,111.95700850873264,946.0,3968.0391120507397,6019.0,9343.0,,,,
true,true,32,16,384,5,97.03085581214826,959.0,3942.497393117831,5887.0,8639.0,,,,
true,true,32,16,384,7,100.13016921998599,951.0,3663.9957939011565,5491.0,9223.0,,,,
true,true,32,16,512,1,96.68374746205163,956.0,4003.055439330544,6315.0,9719.0,,,,
true,true,32,16,512,3,97.11566475672527,948.0,3962.471518987342,6371.0,8895.0,,,,
true,true,32,16,512,5,142.81633818908884,946.0,3667.7515856236787,5699.0,8919.0,,,,
true,true,32,16,512,7,97.67532721234616,959.0,3849.915537017727,6063.0,7659.0,,,,
true,true,32,16,640,1,135.3912808015164,953.0,4007.258132214061,6191.0,9791.0,,,,
true,true,32,16,640,3,98.833761612967,953.0,3778.3683105981113,5815.0,8327.0,,,,
true,true,32,16,640,5,137.5894331315355,953.0,3936.1416579223505,6103.0,8383.0,,,,
true,true,32,16,640,7,96.95559433779329,942.0,3989.394904458599,6339.0,10055.0,,,,
true,true,32,24,256,1,100.31096398836392,952.0,3633.3056722689075,5559.0,7787.0,,,,
true,true,32,24,256,3,97.4184120798831,944.0,3899.835805084746,6075.0,9023.0,,,,
true,true,32,24,256,5,96.42271719217048,944.0,3993.4735169491523,6183.0,9623.0,,,,
true,true,32,24,256,7,99.84025559105432,942.0,3651.868365180467,5815.0,8871.0,,,,
true,true,32,24,384,1,98.50275807722616,947.0,3836.7064413938756,6015.0,8815.0,,,,
true,true,32,24,384,3,97.7230528681716,960.0,3873.9489583333334,5895.0,8439.0,,,,
true,true,32,24,384,5,100.0100010001,947.0,3658.2946145723336,5647.0,8295.0,,,,
true,true,32,24,384,7,137.38150844896276,953.0,3935.862539349423,5955.0,9191.0,,,,
true,true,32,24,512,1,96.52509652509653,946.0,3984.6458773784357,6235.0,9199.0,,,,
true,true,32,24,512,3,142.673705236125,951.0,3651.197686645636,5799.0,8399.0,,,,
true,true,32,24,512,5,96.8147933004163,945.0,3960.389417989418,5887.0,11271.0,,,,
true,true,32,24,512,7,136.81762210972772,950.0,3946.9010526315788,6163.0,8807.0,,,,
true,true,32,24,640,1,98.24147755182238,937.0,3748.8153681963713,6031.0,8087.0,,,,
true,true,32,24,640,3,136.66803334700015,953.0,3909.5288562434416,5975.0,10207.0,,,,
true,true,32,24,640,5,95.97850081581726,943.0,3969.3160127253445,5759.0,9167.0,,,,
true,true,32,24,640,7,140.8252358822701,950.0,3744.742105263158,5871.0,9375.0,,,,
true,true,32,32,256,1,97.87608887148869,947.0,3888.347412882788,6115.0,8099.0,,,,
true,true,32,32,256,3,97.02144173862423,960.0,3967.9958333333334,6127.0,9119.0,,,,
true,true,32,32,256,5,100.68465565847765,961.0,3612.5078043704475,5359.0,7763.0,,,,
true,true,32,32,256,7,97.70395701025892,944.0,3874.54343220339,5971.0,8855.0,,,,
true,true,32,32,384,1,135.28138528138527,944.0,4026.103813559322,6259.0,8855.0,,,,
true,true,32,32,384,3,99.930048965724,950.0,3644.1957894736843,5719.0,8047.0,,,,
true,true,32,32,384,5,138.63856924996534,955.0,3849.2376963350785,5847.0,9247.0,,,,
true,true,32,32,384,7,95.88647041902388,948.0,4036.272151898734,6227.0,8495.0,,,,
true,true,32,32,512,1,99.30486593843098,950.0,3736.2873684210526,5919.0,8295.0,,,,
true,true,32,32,512,3,97.35202492211837,940.0,3954.217021276596,6091.0,9455.0,,,,
true,true,32,32,512,5,96.54373431164318,946.0,3991.6923890063426,6279.0,9135.0,,,,
true,true,32,32,512,7,142.9592566118656,947.0,3676.2375923970435,6071.0,10295.0,,,,
true,true,32,32,640,1,97.79951100244499,957.0,3906.8798328108674,5995.0,9215.0,,,,
true,true,32,32,640,3,136.9487811558477,948.0,3979.4493670886077,6003.0,8871.0,,,,
true,true,32,32,640,5,100.23053021950486,945.0,3653.621164021164,5659.0,9343.0,,,,
true,true,32,32,640,7,115.26048870447211,943.0,3930.6850477200423,5827.0,8171.0,,,,
true,true,32,40,256,1,97.03085581214826,958.0,3956.3643006263046,5851.0,7835.0,,,,
true,true,32,40,256,3,99.57184108334162,937.0,3661.016008537887,5567.0,7791.0,,,,
true,true,32,40,256,5,96.72115291614276,945.0,3959.7238095238095,5983.0,9935.0,,,,
true,true,32,40,256,7,96.31127805065974,956.0,3989.9801255230127,6179.0,8631.0,,,,
true,true,32,40,384,1,144.19610670511895,950.0,3628.3442105263157,5859.0,9999.0,,,,
true,true,32,40,384,3,96.56237929702588,936.0,3991.019230769231,6155.0,9431.0,,,,
true,true,32,40,384,5,137.09898546750753,963.0,3981.004153686397,6331.0,9751.0,,,,
true,true,32,40,384,7,98.44457570387871,935.0,3817.8299465240643,5747.0,10247.0,,,,
true,true,32,40,512,1,139.45056477478732,949.0,3880.6248682824025,6055.0,8887.0,,,,
true,true,32,40,512,3,96.58103148541626,949.0,3977.0779768177026,6023.0,9191.0,,,,
true,true,32,40,512,5,100.5631536604988,959.0,3607.9541188738267,5499.0,7855.0,,,,
true,true,32,40,512,7,96.9743987587277,944.0,3938.156779661017,6163.0,8463.0,,,,
true,true,32,40,640,1,96.48784253184098,947.0,3980.4076029567054,6371.0,9175.0,,,,
true,true,32,40,640,3,99.76057462090982,966.0,3651.687370600414,5543.0,8519.0,,,,
true,true,32,40,640,5,97.46588693957115,954.0,3925.4423480083856,6251.0,8951.0,,,,
true,true,32,40,640,7,134.91635186184567,933.0,4055.5809217577707,6619.0,10039.0,,,,
true,true,40,16,256,1,100.18032458425165,942.0,3648.108280254777,5871.0,8019.0,,,,
true,true,40,16,256,3,138.9467833819647,955.0,3820.3968586387437,5715.0,8287.0,,,,
true,true,40,16,256,5,96.61835748792271,955.0,3964.0094240837698,6215.0,9607.0,,,,
true,true,40,16,256,7,115.64704521799467,950.0,3701.8094736842104,5651.0,9831.0,,,,
true,true,40,16,384,1,97.8952520802741,959.0,3877.6173096976017,6039.0,9543.0,,,,
true,true,40,16,384,3,129.11555842479018,952.0,3837.3466386554624,5959.0,8271.0,,,,
true,true,40,16,384,5,99.94003597841295,953.0,3701.4564533053517,5927.0,8767.0,,,,
true,true,40,16,384,7,138.6193512614361,956.0,3908.689330543933,6131.0,8351.0,,,,
true,true,40,16,512,1,96.78668215253582,948.0,3926.7573839662446,6071.0,9415.0,,,,
true,true,40,16,512,3,100.0,953.0,3650.2843651626445,5771.0,8607.0,,,,
true,true,40,16,512,5,96.55305590421936,942.0,3969.67940552017,6047.0,9895.0,,,,
true,true,40,16,512,7,96.85230024213075,963.0,3945.2959501557634,5799.0,9935.0,,,,
true,true,40,16,640,1,99.94003597841295,965.0,3677.319170984456,5443.0,8487.0,,,,
true,true,40,16,640,3,97.09680551509855,952.0,3955.031512605042,6251.0,9415.0,,,,
true,true,40,16,640,5,97.50390015600624,944.0,3891.799788135593,6083.0,9055.0,,,,
true,true,40,16,640,7,99.6710854181202,945.0,3684.5164021164023,5635.0,7827.0,,,,
true,true,40,24,256,1,136.5001365001365,955.0,3978.942408376963,5991.0,10431.0,,,,
true,true,40,24,256,3,97.14396735962697,960.0,3916.7625,5919.0,10871.0,,,,
true,true,40,24,256,5,142.40956992309884,944.0,3707.8591101694915,5727.0,8423.0,,,,
true,true,40,24,256,7,97.37098344693281,957.0,3903.2779519331243,6123.0,9255.0,,,,
true,true,40,24,384,1,97.16284492809949,952.0,3905.1670168067226,6059.0,8431.0,,,,
true,true,40,24,384,3,100.09008107296567,954.0,3662.787211740042,5411.0,7679.0,,,,
true,true,40,24,384,5,97.69441187964048,955.0,3898.151832460733,5771.0,8727.0,,,,
true,true,40,24,384,7,96.73986649898423,950.0,3967.3494736842104,5943.0,9527.0,,,,
true,true,40,24,512,1,100.40160642570281,951.0,3614.043112513144,5543.0,7943.0,,,,
true,true,40,24,512,3,97.91442279447763,946.0,3857.6754756871037,5855.0,8687.0,,,,
true,true,40,24,512,5,96.9743987587277,957.0,3973.4503657262276,6359.0,8823.0,,,,
true,true,40,24,512,7,143.49261013057827,949.0,3626.6891464699684,5447.0,9095.0,,,,
true,true,40,24,640,1,97.5609756097561,947.0,3925.652587117212,5987.0,10247.0,,,,
true,true,40,24,640,3,136.6493577480186,942.0,3944.831210191083,5971.0,8791.0,,,,
true,true,40,24,640,5,99.98000399920016,962.0,3652.7993762993765,5475.0,8423.0,,,,
true,true,40,24,640,7,119.44577161968466,953.0,3961.178384050367,6135.0,8463.0,,,,
true,true,40,32,256,1,97.22897423432183,949.0,3908.531085353003,6215.0,10383.0,,,,
true,true,40,32,256,3,118.86366337810531,951.0,3631.45531019979,5835.0,8631.0,,,,
true,true,40,32,256,5,96.69309611293754,943.0,3994.254506892895,6711.0,11863.0,,,,
true,true,40,32,256,7,136.1841209314994,953.0,3942.604407135362,5995.0,9543.0,,,,
true,true,40,32,384,1,99.45300845350572,943.0,3685.172852598091,6015.0,9623.0,,,,
true,true,40,32,384,3,137.36263736263737,941.0,3939.1689691817214,6003.0,8679.0,,,,
true,true,40,32,384,5,96.12611746611555,955.0,3971.5675392670155,6115.0,9095.0,,,,
true,true,40,32,384,7,142.38929232521716,947.0,3662.72439281943,5767.0,8175.0,,,,
true,true,40,32,512,1,97.45638826625085,945.0,3875.8243386243385,5919.0,9991.0,,,,
true,true,40,32,512,3,97.25734292939117,939.0,3932.119275825346,5903.0,8903.0,,,,
true,true,40,32,512,5,100.39152695512499,947.0,3606.8120380147834,5659.0,8311.0,,,,
true,true,40,32,512,7,97.0873786407767,960.0,3959.21875,6031.0,9887.0,,,,
true,true,40,32,640,1,97.30466089325678,946.0,3910.5824524312898,5915.0,9535.0,,,,
true,true,40,32,640,3,99.36406995230524,955.0,3721.981151832461,6031.0,10463.0,,,,
true,true,40,32,640,5,138.04527885146328,949.0,3890.5426765015804,6171.0,9719.0,,,,
true,true,40,32,640,7,96.61835748792271,949.0,3998.1211801896734,6135.0,8035.0,,,,
true,true,40,40,256,1,99.56192751891676,945.0,3698.410582010582,5499.0,8263.0,,,,
true,true,40,40,256,3,97.52291788570314,960.0,3887.8239583333334,5911.0,9047.0,,,,
true,true,40,40,256,5,96.82416731216111,944.0,3973.98093220339,6099.0,8495.0,,,,
true,true,40,40,256,7,99.8003992015968,949.0,3696.0484720758695,5763.0,9079.0,,,,
true,true,40,40,384,1,96.99321047526674,950.0,3954.6926315789474,6115.0,9895.0,,,,
true,true,40,40,384,3,96.27418888995861,943.0,3977.9268292682927,5875.0,9231.0,,,,
true,true,40,40,384,5,142.14641080312722,958.0,3716.5135699373695,5607.0,8423.0,,,,
true,true,40,40,384,7,96.59036028204385,950.0,3991.406315789474,6231.0,11607.0,,,,
true,true,40,40,512,1,137.6083665886886,961.0,3916.5046826222683,5975.0,8423.0,,,,
true,true,40,40,512,3,100.07004903432403,949.0,3655.6691253951526,5599.0,7543.0,,,,
true,true,40,40,512,5,96.58103148541626,955.0,3930.4376963350787,6123.0,9207.0,,,,
true,true,40,40,512,7,95.6297217175098,939.0,3985.3301384451543,6171.0,9839.0,,,,
true,true,40,40,640,1,100.0,963.0,3645.4454828660437,5619.0,7379.0,,,,
true,true,40,40,640,3,98.13542688910697,955.0,3881.7811518324606,5907.0,8583.0,,,,
true,true,40,40,640,5,97.0402717127608,959.0,3954.9749739311783,6159.0,9615.0,,,,
true,true,40,40,640,7,141.46272457207525,938.0,3691.493603411514,5835.0,10199.0,,,,
