false,false,16,16,256,1,165.97510373443984,1000.0,2718.236,6823.0,13079.0,,,,
false,false,16,16,256,3,164.17665407978984,1000.0,2869.605,6851.0,11471.0,,,,
false,false,16,16,256,5,165.50810989738497,1000.0,2803.699,6515.0,11663.0,,,,
false,false,16,16,256,7,165.48072149594572,1000.0,2795.046,6379.0,12447.0,,,,
false,false,16,16,384,1,168.77637130801688,1000.0,2674.056,6659.0,12199.0,,,,
false,false,16,16,384,3,161.68148746968473,1000.0,2941.326,6539.0,12519.0,,,,
false,false,16,16,384,5,169.1188905800778,1000.0,2624.927,6607.0,13415.0,,,,
false,false,16,16,384,7,167.3080140538732,1000.0,2680.433,6151.0,12023.0,,,,
false,false,16,16,512,1,165.7550140891762,1000.0,2793.448,6435.0,10879.0,,,,
false,false,16,16,512,3,163.47882949158085,1000.0,2856.137,6559.0,11055.0,,,,
false,false,16,16,512,5,166.19577862722286,1000.0,2749.412,6063.0,10815.0,,,,
false,false,16,16,512,7,162.97262059973923,1000.0,2882.282,6511.0,11127.0,,,,
false,false,16,16,640,1,164.446637066272,1000.0,2783.237,6331.0,10879.0,,,,
false,false,16,16,640,3,162.46953696181967,1000.0,2884.7,5971.0,12695.0,,,,
false,false,16,16,640,5,166.55562958027983,1000.0,2777.336,7159.0,11479.0,,,,
false,false,16,16,640,7,164.66326362588507,1000.0,2765.609,6855.0,12943.0,,,,
false,false,16,24,256,1,165.42597187758477,1000.0,2799.888,6527.0,12287.0,,,,
false,false,16,24,256,3,161.78611875101117,1000.0,2935.032,6835.0,12183.0,,,,
false,false,16,24,256,5,165.28925619834712,1000.0,2737.338,6807.0,12455.0,,,,
false,false,16,24,256,7,163.5858007524947,1000.0,2859.402,7131.0,11631.0,,,,
false,false,16,24,384,1,165.0982334489021,1000.0,2833.244,6503.0,12103.0,,,,
false,false,16,24,384,3,163.90755613833798,1000.0,2854.404,6911.0,11535.0,,,,
false,false,16,24,384,5,164.74464579901152,1000.0,2796.956,5647.0,11407.0,,,,
false,false,16,24,384,7,164.77179106936893,1000.0,2787.924,6671.0,12279.0,,,,
false,false,16,24,512,1,165.78249336870027,1000.0,2760.902,6555.0,10983.0,,,,
false,false,16,24,512,3,165.7000828500414,1000.0,2776.775,6579.0,11319.0,,,,
false,false,16,24,512,5,161.73378618793467,1000.0,2901.203,6527.0,12359.0,,,,
false,false,16,24,512,7,166.14055490945339,1000.0,2753.596,6715.0,12863.0,,,,
false,false,16,24,640,1,167.7570877369569,1000.0,2714.432,7327.0,11199.0,,,,
false,false,16,24,640,3,164.14970453053184,1000.0,2848.854,6607.0,11631.0,,,,
false,false,16,24,640,5,158.4032947885316,1000.0,2946.867,6899.0,12343.0,,,,
false,false,16,24,640,7,167.5603217158177,1000.0,2729.878,6395.0,10279.0,,,,
false,false,16,32,256,1,161.10842597067827,1000.0,2963.793,7003.0,11671.0,,,,
false,false,16,32,256,3,165.31658125309968,1000.0,2796.392,6483.0,11303.0,,,,
false,false,16,32,256,5,165.39861065167054,1000.0,2788.729,6919.0,12023.0,,,,
false,false,16,32,256,7,162.89297931259162,1000.0,2902.524,6943.0,11439.0,,,,
false,false,16,32,384,1,166.58337497917708,1000.0,2638.284,6255.0,10895.0,,,,
false,false,16,32,384,3,163.66612111292963,1000.0,2883.856,6667.0,11615.0,,,,
false,false,16,32,384,5,166.22340425531914,1000.0,2737.893,6339.0,12183.0,,,,
false,false,16,32,384,7,165.0982334489021,1000.0,2805.936,6487.0,11719.0,,,,
false,false,16,32,512,1,166.03021749958492,1000.0,2761.875,6395.0,11815.0,,,,
false,false,16,32,512,3,162.86644951140065,1000.0,2874.127,6727.0,12431.0,,,,
false,false,16,32,512,5,163.96130513198884,1000.0,2799.974,6915.0,11935.0,,,,
false,false,16,32,512,7,160.0,1000.0,2901.814,6211.0,12159.0,,,,
false,false,16,32,640,1,164.23057973394646,1000.0,2862.862,6427.0,11359.0,,,,
false,false,16,32,640,3,163.1321370309951,1000.0,2877.018,6703.0,12519.0,,,,
false,false,16,32,640,5,162.89297931259162,1000.0,2871.113,6179.0,13271.0,,,,
false,false,16,32,640,7,162.52234682268812,1000.0,2923.224,7151.0,13751.0,,,,
false,false,16,40,256,1,168.77637130801688,1000.0,2675.73,5951.0,11639.0,,,,
false,false,16,40,256,3,166.00265604249668,1000.0,2770.746,6063.0,11119.0,,,,
false,false,16,40,256,5,165.39861065167054,1000.0,2821.743,6355.0,11935.0,,,,
false,false,16,40,256,7,165.26194017517767,1000.0,2734.567,5991.0,11863.0,,,,
false,false,16,40,384,1,168.63406408094434,1000.0,2717.036,6311.0,10095.0,,,,
false,false,16,40,384,3,161.08247422680412,1000.0,2924.751,6515.0,11327.0,,,,
false,false,16,40,384,5,163.5858007524947,1000.0,2820.68,6215.0,12951.0,,,,
false,false,16,40,384,7,167.3080140538732,1000.0,2724.206,5959.0,11679.0,,,,
false,false,16,40,512,1,166.27868307283006,1000.0,2778.676,6719.0,10727.0,,,,
false,false,16,40,512,3,164.446637066272,1000.0,2775.92,6099.0,12407.0,,,,
false,false,16,40,512,5,166.38935108153078,1000.0,2770.696,6455.0,10991.0,,,,
false,false,16,40,512,7,165.8649859014762,1000.0,2769.132,5831.0,10055.0,,,,
false,false,16,40,640,1,166.11295681063123,1000.0,2749.617,6103.0,10343.0,,,,
false,false,16,40,640,3,164.85328058028355,1000.0,2817.798,6491.0,11583.0,,,,
false,false,16,40,640,5,162.49593760155997,1000.0,2890.711,6407.0,12055.0,,,,
false,false,16,40,640,7,165.371258475277,1000.0,2773.78,6043.0,11831.0,,,,
false,false,24,16,256,1,169.34801016088062,1000.0,2686.922,6455.0,11039.0,,,,
false,false,24,16,256,3,160.77170418006432,1000.0,2978.008,6655.0,11135.0,,,,
false,false,24,16,256,5,164.85328058028355,1000.0,2819.555,6479.0,11975.0,,,,
false,false,24,16,256,7,166.38935108153078,1000.0,2756.691,5867.0,11151.0,,,,
false,false,24,16,384,1,164.257555847569,1000.0,2847.12,7463.0,11911.0,,,,
false,false,24,16,384,3,165.371258475277,1000.0,2774.631,5831.0,13063.0,,,,
false,false,24,16,384,5,164.2845408247084,1000.0,2808.829,6063.0,12487.0,,,,
false,false,24,16,384,7,166.88918558077435,1000.0,2738.723,6771.0,10991.0,,,,
false,false,24,16,512,1,163.96130513198884,1000.0,2799.62,6235.0,11199.0,,,,
false,false,24,16,512,3,164.6090534979424,1000.0,2825.162,6343.0,10559.0,,,,
false,false,24,16,512,5,164.12276382734285,1000.0,2821.387,7075.0,10911.0,,,,
false,false,24,16,512,7,165.6451880072884,1000.0,2783.658,7031.0,10999.0,,,,
false,false,24,16,640,1,162.33766233766235,1000.0,2830.171,6935.0,12879.0,,,,
false,false,24,16,640,3,159.69338869370807,1000.0,2918.572,6943.0,12223.0,,,,
false,false,24,16,640,5,163.31863465621427,1000.0,2828.335,6507.0,10127.0,,,,
false,false,24,16,640,7,167.33601070950468,1000.0,2759.544,6335.0,11407.0,,,,
false,false,24,24,256,1,161.68148746968473,1000.0,2962.367,7179.0,14831.0,,,,
false,false,24,24,256,3,166.55562958027983,1000.0,2728.246,6351.0,12367.0,,,,
false,false,24,24,256,5,163.9344262295082,1000.0,2862.507,6927.0,12023.0,,,,
false,false,24,24,256,7,163.31863465621427,1000.0,2861.232,6207.0,10807.0,,,,
false,false,24,24,384,1,163.6929120969062,1000.0,2828.593,6971.0,12063.0,,,,
false,false,24,24,384,3,169.14749661705008,1000.0,2657.461,6591.0,10887.0,,,,
false,false,24,24,384,5,160.79755587715067,1000.0,2956.011,7099.0,11951.0,,,,
false,false,24,24,384,7,165.31658125309968,1000.0,2761.859,6835.0,11471.0,,,,
false,false,24,24,512,1,164.33853738701725,1000.0,2847.492,6407.0,11255.0,,,,
false,false,24,24,512,3,168.12373907195695,1000.0,2682.536,5979.0,10151.0,,,,
false,false,24,24,512,5,163.90755613833798,1000.0,2776.216,5995.0,10887.0,,,,
false,false,24,24,512,7,167.6727028839705,1000.0,2722.448,6403.0,11399.0,,,,
false,false,24,24,640,1,163.29196603527106,1000.0,2893.639,6147.0,13239.0,,,,
false,false,24,24,640,3,165.23463317911435,1000.0,2765.476,6019.0,11551.0,,,,
false,false,24,24,640,5,163.02575806977504,1000.0,2820.652,7067.0,11839.0,,,,
false,false,24,24,640,7,165.59032952475576,1000.0,2782.25,6447.0,10871.0,,,,
false,false,24,32,256,1,168.15200941651253,1000.0,2684.067,6471.0,10967.0,,,,
false,false,24,32,256,3,166.91704223001167,1000.0,2708.377,6895.0,11519.0,,,,
false,false,24,32,256,5,162.07455429497568,1000.0,2922.868,6691.0,12343.0,,,,
false,false,24,32,256,7,167.36401673640168,1000.0,2701.275,6319.0,12383.0,,,,
false,false,24,32,384,1,165.42597187758477,1000.0,2768.478,5607.0,11191.0,,,,
false,false,24,32,384,3,166.75004168751042,1000.0,2767.824,6471.0,11191.0,,,,
false,false,24,32,384,5,165.01650165016503,1000.0,2773.68,6595.0,12095.0,,,,
false,false,24,32,384,7,166.9727834362999,1000.0,2742.791,6215.0,10415.0,,,,
false,false,24,32,512,1,164.79894528675015,1000.0,2789.793,6571.0,12143.0,,,,
false,false,24,32,512,3,163.1055292774425,1000.0,2852.623,6835.0,12223.0,,,,
false,false,24,32,512,5,165.0982334489021,1000.0,2807.444,6727.0,13031.0,,,,
false,false,24,32,512,7,164.79894528675015,1000.0,2764.477,6303.0,11895.0,,,,
false,false,24,32,640,1,165.61775422325275,1000.0,2749.605,6463.0,10047.0,,,,
false,false,24,32,640,3,164.6090534979424,1000.0,2810.8,6575.0,10367.0,,,,
false,false,24,32,640,5,160.79755587715067,1000.0,2938.326,6231.0,10191.0,,,,
false,false,24,32,640,7,168.20857863751053,1000.0,2671.592,6443.0,11279.0,,,,
false,false,24,40,256,1,169.34801016088062,1000.0,2697.54,6403.0,11671.0,,,,
false,false,24,40,256,3,161.62922256343947,1000.0,2911.193,6695.0,12263.0,,,,
false,false,24,40,256,5,163.26530612244898,1000.0,2843.578,6639.0,10959.0,,,,
false,false,24,40,256,7,169.1761123329386,1000.0,2645.483,6263.0,11671.0,,,,
false,false,24,40,384,1,163.29196603527106,1000.0,2879.554,6615.0,12623.0,,,,
false,false,24,40,384,3,169.03313049357675,1000.0,2655.803,5955.0,9079.0,,,,
false,false,24,40,384,5,166.72224074691565,1000.0,2711.552,5779.0,10471.0,,,,
false,false,24,40,384,7,161.91709844559585,1000.0,2897.797,6427.0,12127.0,,,,
false,false,24,40,512,1,163.85384237260365,1000.0,2796.29,6283.0,11287.0,,,,
false,false,24,40,512,3,163.21201240411295,1000.0,2875.903,6279.0,10735.0,,,,
false,false,24,40,512,5,164.74464579901152,1000.0,2813.417,6003.0,11599.0,,,,
false,false,24,40,512,7,166.47244880972198,1000.0,2707.968,5979.0,12423.0,,,,
false,false,24,40,640,1,163.55904481517828,1000.0,2827.998,6999.0,11087.0,,,,
false,false,24,40,640,3,165.01650165016503,1000.0,2824.446,6847.0,13151.0,,,,
false,false,24,40,640,5,162.73393002441009,1000.0,2854.561,6811.0,11703.0,,,,
false,false,24,40,640,7,168.46361185983827,1000.0,2709.242,6747.0,11903.0,,,,
false,false,32,16,256,1,164.14970453053184,1000.0,2844.587,6779.0,11863.0,,,,
false,false,32,16,256,3,162.33766233766235,1000.0,2826.31,6531.0,11575.0,,,,
false,false,32,16,256,5,164.3655489809336,1000.0,2806.216,6315.0,13071.0,,,,
false,false,32,16,256,7,164.63615409944023,1000.0,2843.077,6587.0,10879.0,,,,
false,false,32,16,384,1,160.95284081764044,1000.0,2894.808,6063.0,13495.0,,,,
false,false,32,16,384,3,163.55904481517828,1000.0,2839.436,6775.0,12919.0,,,,
false,false,32,16,384,5,166.333998669328,1000.0,2747.263,6431.0,11479.0,,,,
false,false,32,16,384,7,166.00265604249668,1000.0,2756.924,6499.0,12247.0,,,,
false,false,32,16,512,1,163.6929120969062,1000.0,2834.046,6499.0,11143.0,,,,
false,false,32,16,512,3,162.97262059973923,1000.0,2887.596,6471.0,11759.0,,,,
false,false,32,16,512,5,168.35016835016836,1000.0,2687.179,6015.0,11319.0,,,,
false,false,32,16,512,7,164.85328058028355,1000.0,2821.705,6211.0,11743.0,,,,
false,false,32,16,640,1,168.6056314280897,1000.0,2706.684,7331.0,10727.0,,,,
false,false,32,16,640,3,166.05778811026238,1000.0,2748.714,6935.0,12127.0,,,,
false,false,32,16,640,5,169.14749661705008,1000.0,2691.286,6399.0,12599.0,,,,
false,false,32,16,640,7,164.41959881617888,1000.0,2820.221,6763.0,13703.0,,,,
false,false,32,24,256,1,163.47882949158085,1000.0,2840.603,6839.0,11607.0,,,,
false,false,32,24,256,3,165.8374792703151,1000.0,2744.671,5923.0,11999.0,,,,
false,false,32,24,256,5,162.33766233766235,1000.0,2900.875,6687.0,11599.0,,,,
false,false,32,24,256,7,170.01020061203673,1000.0,2625.698,6531.0,10439.0,,,,
false,false,32,24,384,1,167.61649346295675,1000.0,2717.946,6279.0,10599.0,,,,
false,false,32,24,384,3,167.25204883759827,1000.0,2733.15,5963.0,10967.0,,,,
false,false,32,24,384,5,164.7175094712568,1000.0,2774.95,5935.0,10759.0,,,,
false,false,32,24,384,7,165.371258475277,1000.0,2784.992,6151.0,11863.0,,,,
false,false,32,24,512,1,163.29196603527106,1000.0,2866.551,6427.0,11839.0,,,,
false,false,32,24,512,3,164.3655489809336,1000.0,2780.29,5823.0,11751.0,,,,
false,false,32,24,512,5,167.44809109176154,1000.0,2720.307,6115.0,11255.0,,,,
false,false,32,24,512,7,165.94756057085962,1000.0,2759.499,6251.0,11087.0,,,,
false,false,32,24,640,1,163.98819285011479,1000.0,2780.221,6511.0,10247.0,,,,
false,false,32,24,640,3,166.00265604249668,1000.0,2756.023,6367.0,11063.0,,,,
false,false,32,24,640,5,162.07455429497568,1000.0,2823.724,6547.0,11287.0,,,,
false,false,32,24,640,7,164.39256945586058,1000.0,2801.229,6715.0,13167.0,,,,
false,false,32,32,256,1,167.8697330871244,1000.0,2708.299,6351.0,10743.0,,,,
false,false,32,32,256,3,166.47244880972198,1000.0,2746.474,6707.0,11863.0,,,,
false,false,32,32,256,5,166.19577862722286,1000.0,2747.589,6707.0,12495.0,,,,
false,false,32,32,256,7,163.61256544502618,1000.0,2874.919,6671.0,11703.0,,,,
false,false,32,32,384,1,161.21231662098984,1000.0,2973.63,7015.0,12135.0,,,,
false,false,32,32,384,3,161.68148746968473,1000.0,2916.773,6587.0,10999.0,,,,
false,false,32,32,384,5,165.0437365901964,1000.0,2778.388,6447.0,11631.0,,,,
false,false,32,32,384,7,164.74464579901152,1000.0,2818.549,6627.0,12551.0,,,,
false,false,32,32,512,1,167.95431642593215,1000.0,2699.026,6391.0,10511.0,,,,
false,false,32,32,512,3,164.6090534979424,1000.0,2802.225,6123.0,11087.0,,,,
false,false,32,32,512,5,165.0437365901964,1000.0,2820.211,6727.0,12311.0,,,,
false,false,32,32,512,7,164.0150893882237,1000.0,2809.384,6703.0,12615.0,,,,
false,false,32,32,640,1,163.77333770062233,1000.0,2857.515,6711.0,11143.0,,,,
false,false,32,32,640,3,165.6726308813784,1000.0,2744.579,5683.0,10343.0,,,,
false,false,32,32,640,5,164.7175094712568,1000.0,2786.359,6759.0,11535.0,,,,
false,false,32,32,640,7,165.23463317911435,1000.0,2819.187,7031.0,12767.0,,,,
false,false,32,40,256,1,162.04829039053638,1000.0,2932.478,7227.0,14663.0,,,,
false,false,32,40,256,3,165.97510373443984,1000.0,2748.696,6187.0,11039.0,,,,
false,false,32,40,256,5,166.03021749958492,1000.0,2778.929,6491.0,11215.0,,,,
false,false,32,40,256,7,167.25204883759827,1000.0,2732.724,5807.0,10695.0,,,,
false,false,32,40,384,1,162.33766233766235,1000.0,2854.014,5903.0,12207.0,,,,
false,false,32,40,384,3,163.96130513198884,1000.0,2812.772,6575.0,11135.0,,,,
false,false,32,40,384,5,161.23831022250886,1000.0,2940.659,6703.0,11639.0,,,,
false,false,32,40,384,7,162.04829039053638,1000.0,2895.25,6675.0,12367.0,,,,
false,false,32,40,512,1,164.39256945586058,1000.0,2845.22,7027.0,11319.0,,,,
false,false,32,40,512,3,162.97262059973923,1000.0,2876.928,5959.0,9543.0,,,,
false,false,32,40,512,5,167.19612104999163,1000.0,2671.636,6539.0,12351.0,,,,
false,false,32,40,512,7,166.9449081803005,1000.0,2770.098,6251.0,11375.0,,,,
false,false,32,40,640,1,162.52234682268812,1000.0,2788.249,6603.0,10927.0,,,,
false,false,32,40,640,3,170.41581458759373,1000.0,2624.505,5519.0,10215.0,,,,
false,false,32,40,640,5,165.42597187758477,1000.0,2801.222,6355.0,11935.0,,,,
false,false,32,40,640,7,167.25204883759827,1000.0,2746.527,6295.0,11351.0,,,,
false,false,40,16,256,1,172.20595832615808,1000.0,2576.805,6035.0,11103.0,,,,
false,false,40,16,256,3,167.81339150864238,1000.0,2701.391,6315.0,11751.0,,,,
false,false,40,16,256,5,162.33766233766235,1000.0,2922.652,6903.0,12183.0,,,,
false,false,40,16,256,7,167.0564650851988,1000.0,2702.533,5535.0,11751.0,,,,
false,false,40,16,384,1,164.7175094712568,1000.0,2789.5,6343.0,10919.0,,,,
false,false,40,16,384,3,167.7570877369569,1000.0,2716.608,6583.0,11087.0,,,,
false,false,40,16,384,5,164.04199475065616,1000.0,2804.198,6979.0,12767.0,,,,
false,false,40,16,384,7,166.61112962345885,1000.0,2726.143,5735.0,11079.0,,,,
false,false,40,16,512,1,163.85384237260365,1000.0,2841.75,7087.0,12135.0,,,,
false,false,40,16,512,3,170.24174327545114,1000.0,2574.584,6499.0,11103.0,,,,
false,false,40,16,512,5,169.4053870913095,1000.0,2638.745,6599.0,11271.0,,,,
false,false,40,16,512,7,162.76041666666666,1000.0,2907.71,7115.0,11751.0,,,,
false,false,40,16,640,1,166.61112962345885,1000.0,2757.343,5747.0,8999.0,,,,
false,false,40,16,640,3,162.73393002441009,1000.0,2863.692,6679.0,11431.0,,,,
false,false,40,16,640,5,164.257555847569,1000.0,2839.92,6011.0,12023.0,,,,
false,false,40,16,640,7,165.59032952475576,1000.0,2769.917,6991.0,12367.0,,,,
false,false,40,24,256,1,166.66666666666666,1000.0,2758.03,6315.0,12207.0,,,,
false,false,40,24,256,3,163.23865491348351,1000.0,2859.819,6639.0,12711.0,,,,
false,false,40,24,256,5,167.6727028839705,1000.0,2696.072,6023.0,10079.0,,,,
false,false,40,24,256,7,166.9727834362999,1000.0,2750.159,6347.0,11655.0,,,,
false,false,40,24,384,1,163.9344262295082,1000.0,2852.608,6451.0,12055.0,,,,
false,false,40,24,384,3,167.98252981689905,1000.0,2693.569,6147.0,10303.0,,,,
false,false,40,24,384,5,166.44474034620507,1000.0,2792.017,6887.0,11335.0,,,,
false,false,40,24,384,7,166.63889351774705,1000.0,2746.721,6683.0,13415.0,,,,
false,false,40,24,512,1,163.9344262295082,1000.0,2789.983,6331.0,12239.0,,,,
false,false,40,24,512,3,168.01075268817203,1000.0,2697.422,6655.0,10623.0,,,,
false,false,40,24,512,5,163.90755613833798,1000.0,2881.861,6279.0,13207.0,,,,
false,false,40,24,512,7,167.36401673640168,1000.0,2677.439,5647.0,10543.0,,,,
false,false,40,24,640,1,166.25103906899417,1000.0,2752.695,6831.0,12367.0,,,,
false,false,40,24,640,3,164.3655489809336,1000.0,2834.547,6227.0,11351.0,,,,
false,false,40,24,640,5,161.89088554314392,1000.0,2866.99,6019.0,10935.0,,,,
false,false,40,24,640,7,167.25204883759827,1000.0,2729.121,6843.0,10855.0,,,,
false,false,40,32,256,1,171.17425539198905,1000.0,2615.49,6167.0,9111.0,,,,
false,false,40,32,256,3,165.7550140891762,1000.0,2775.364,6455.0,12159.0,,,,
false,false,40,32,256,5,168.4352366515075,1000.0,2653.048,6219.0,11423.0,,,,
false,false,40,32,256,7,164.88046166529267,1000.0,2851.885,7175.0,11359.0,,,,
false,false,40,32,384,1,165.89250165892503,1000.0,2734.161,6367.0,11903.0,,,,
false,false,40,32,384,3,167.25204883759827,1000.0,2780.083,6767.0,11199.0,,,,
false,false,40,32,384,5,161.31634134537828,1000.0,2941.587,6735.0,10759.0,,,,
false,false,40,32,384,7,164.88046166529267,1000.0,2784.648,6367.0,10879.0,,,,
false,false,40,32,512,1,165.97510373443984,1000.0,2798.472,6623.0,11143.0,,,,
false,false,40,32,512,3,167.53224995811695,1000.0,2741.861,6419.0,12079.0,,,,
false,false,40,32,512,5,167.0564650851988,1000.0,2747.768,6327.0,10895.0,,,,
false,false,40,32,512,7,162.73393002441009,1000.0,2882.734,6979.0,11903.0,,,,
false,false,40,32,640,1,161.39444803098775,1000.0,2929.771,6391.0,12191.0,,,,
false,false,40,32,640,3,166.30633627141194,1000.0,2743.185,7291.0,13015.0,,,,
false,false,40,32,640,5,164.04199475065616,1000.0,2855.462,6775.0,13343.0,,,,
false,false,40,32,640,7,167.42005692281936,1000.0,2753.451,6335.0,10863.0,,,,
false,false,40,40,256,1,169.26201760324983,1000.0,2647.815,6847.0,12479.0,,,,
false,false,40,40,256,3,164.85328058028355,1000.0,2804.595,6191.0,11727.0,,,,
false,false,40,40,256,5,162.12710765239947,1000.0,2924.992,6163.0,11199.0,,,,
false,false,40,40,256,7,167.58840288252054,1000.0,2675.805,5951.0,13303.0,,,,
false,false,40,40,384,1,162.60162601626016,1000.0,2916.707,6795.0,12199.0,,,,
false,false,40,40,384,3,168.6056314280897,1000.0,2684.757,6459.0,12647.0,,,,
false,false,40,40,384,5,166.333998669328,1000.0,2757.626,5935.0,13199.0,,,,
false,false,40,40,384,7,166.03021749958492,1000.0,2799.842,6123.0,12399.0,,,,
false,false,40,40,512,1,166.333998669328,1000.0,2766.464,6955.0,11887.0,,,,
false,false,40,40,512,3,164.90765171503958,1000.0,2788.189,6307.0,11719.0,,,,
false,false,40,40,512,5,166.05778811026238,1000.0,2789.131,6135.0,11407.0,,,,
false,false,40,40,512,7,166.14055490945339,1000.0,2767.0,6167.0,11351.0,,,,
false,false,40,40,640,1,166.61112962345885,1000.0,2701.383,5507.0,11487.0,,,,
false,false,40,40,640,3,163.26530612244898,1000.0,2844.796,6919.0,12415.0,,,,
false,false,40,40,640,5,164.446637066272,1000.0,2825.856,6843.0,12359.0,,,,
false,false,40,40,640,7,168.97600540723218,1000.0,2664.008,6523.0,10591.0,,,,
false,true,16,16,256,1,165.26194017517767,1000.0,2788.139,6139.0,12911.0,,,,
false,true,16,16,256,3,166.61112962345885,1000.0,2746.47,6579.0,11711.0,,,,
false,true,16,16,256,5,167.7570877369569,1000.0,2696.143,5935.0,10039.0,,,,
false,true,16,16,256,7,166.80567139282735,1000.0,2704.318,6591.0,10279.0,,,,
false,true,16,16,384,1,163.05233980107616,1000.0,2858.359,6983.0,10783.0,,,,
false,true,16,16,384,3,163.9344262295082,1000.0,2799.883,6539.0,12375.0,,,,
false,true,16,16,384,5,168.18028927009755,1000.0,2703.177,6039.0,10655.0,,,,
false,true,16,16,384,7,164.0150893882237,1000.0,2837.811,6279.0,11023.0,,,,
false,true,16,16,512,1,168.89039013680122,1000.0,2626.149,5979.0,11415.0,,,,
false,true,16,16,512,3,166.9727834362999,1000.0,2716.326,5679.0,10519.0,,,,
false,true,16,16,512,5,163.3986928104575,1000.0,2832.743,6379.0,10711.0,,,,
false,true,16,16,512,7,164.58196181698486,1000.0,2762.69,5747.0,10143.0,,,,
false,true,16,16,640,1,163.15875346712352,1000.0,2849.045,7031.0,11287.0,,,,
false,true,16,16,640,3,165.97510373443984,1000.0,2747.496,5991.0,11343.0,,,,
false,true,16,16,640,5,168.03898504453034,1000.0,2697.796,6043.0,10319.0,,,,
false,true,16,16,640,7,164.88046166529267,1000.0,2817.885,6783.0,10671.0,,,,
false,true,16,24,256,1,163.47882949158085,1000.0,2868.823,6723.0,12103.0,,,,
false,true,16,24,256,3,165.31658125309968,1000.0,2775.65,6607.0,12111.0,,,,
false,true,16,24,256,5,162.2586402725945,1000.0,2900.101,6939.0,12375.0,,,,
false,true,16,24,256,7,165.80998176090202,1000.0,2765.498,6271.0,12271.0,,,,
false,true,16,24,384,1,164.52780519907864,1000.0,2790.535,6303.0,11183.0,,,,
false,true,16,24,384,3,169.4915254237288,1000.0,2678.393,6259.0,11815.0,,,,
false,true,16,24,384,5,162.20600162206003,1000.0,2924.545,7715.0,13055.0,,,,
false,true,16,24,384,7,166.66666666666666,1000.0,2775.406,6227.0,11175.0,,,,
false,true,16,24,512,1,170.53206002728513,1000.0,2609.785,6619.0,11207.0,,,,
false,true,16,24,512,3,162.60162601626016,1000.0,2897.009,7143.0,12935.0,,,,
false,true,16,24,512,5,164.2845408247084,1000.0,2788.834,5767.0,10159.0,,,,
false,true,16,24,512,7,164.06890894175552,1000.0,2841.19,6551.0,12703.0,,,,
false,true,16,24,640,1,168.66250632484397,1000.0,2662.406,5879.0,10191.0,,,,
false,true,16,24,640,3,168.37851490149856,1000.0,2686.989,5955.0,11095.0,,,,
false,true,16,24,640,5,165.97510373443984,1000.0,2737.397,5955.0,11335.0,,,,
false,true,16,24,640,7,162.97262059973923,1000.0,2939.752,6771.0,13703.0,,,,
false,true,16,32,256,1,165.56291390728478,1000.0,2763.291,6463.0,10807.0,,,,
false,true,16,32,256,3,161.73378618793467,1000.0,2947.998,6511.0,12527.0,,,,
false,true,16,32,256,5,161.31634134537828,1000.0,2937.781,7019.0,12983.0,,,,
false,true,16,32,256,7,162.39038648911983,1000.0,2881.899,6131.0,10223.0,,,,
false,true,16,32,384,1,166.03021749958492,1000.0,2773.165,6611.0,11631.0,,,,
false,true,16,32,384,3,163.31863465621427,1000.0,2884.222,6871.0,12311.0,,,,
false,true,16,32,384,5,166.72224074691565,1000.0,2720.55,6495.0,12919.0,,,,
false,true,16,32,384,7,164.20361247947454,1000.0,2817.323,6579.0,13591.0,,,,
false,true,16,32,512,1,165.8649859014762,1000.0,2796.445,6339.0,11423.0,,,,
false,true,16,32,512,3,165.28925619834712,1000.0,2769.873,6671.0,11303.0,,,,
false,true,16,32,512,5,168.94745734076702,1000.0,2635.053,6191.0,11967.0,,,,
false,true,16,32,512,7,164.14970453053184,1000.0,2856.593,6679.0,12391.0,,,,
false,true,16,32,640,1,162.2849724115547,1000.0,2844.585,7359.0,11551.0,,,,
false,true,16,32,640,3,165.34391534391534,1000.0,2791.408,6383.0,10151.0,,,,
false,true,16,32,640,5,165.45334215751157,1000.0,2779.287,6323.0,10879.0,,,,
false,true,16,32,640,7,165.45334215751157,1000.0,2780.704,5863.0,12175.0,,,,
false,true,16,40,256,1,166.55562958027983,1000.0,2766.733,6439.0,10687.0,,,,
false,true,16,40,256,3,166.66666666666666,1000.0,2746.239,6643.0,11551.0,,,,
false,true,16,40,256,5,169.06170752324599,1000.0,2653.57,5899.0,11039.0,,,,
false,true,16,40,256,7,164.31153466973382,1000.0,2835.76,6551.0,11383.0,,,,
false,true,16,40,384,1,161.18633139909736,1000.0,2899.276,6371.0,12047.0,,,,
false,true,16,40,384,3,167.0564650851988,1000.0,2707.365,6359.0,11351.0,,,,
false,true,16,40,384,5,166.88918558077435,1000.0,2758.426,6271.0,11087.0,,,,
false,true,16,40,384,7,161.36840406648378,1000.0,2922.074,6919.0,11735.0,,,,
false,true,16,40,512,1,168.0672268907563,1000.0,2666.417,5763.0,10815.0,,,,
false,true,16,40,512,3,166.38935108153078,1000.0,2731.267,6599.0,12927.0,,,,
false,true,16,40,512,5,163.31863465621427,1000.0,2856.646,6039.0,12031.0,,,,
false,true,16,40,512,7,164.98927569707968,1000.0,2794.989,7119.0,10887.0,,,,
false,true,16,40,640,1,164.79894528675015,1000.0,2783.349,6223.0,11367.0,,,,
false,true,16,40,640,3,162.68098259313487,1000.0,2910.19,6783.0,12167.0,,,,
false,true,16,40,640,5,167.95431642593215,1000.0,2671.509,6279.0,10879.0,,,,
false,true,16,40,640,7,164.47368421052633,1000.0,2826.244,7363.0,12575.0,,,,
false,true,24,16,256,1,164.0150893882237,1000.0,2831.785,6647.0,11791.0,,,,
false,true,24,16,256,3,167.02856188408217,1000.0,2714.891,6039.0,11679.0,,,,
false,true,24,16,256,5,164.79894528675015,1000.0,2792.648,6043.0,10367.0,,,,
false,true,24,16,256,7,165.7000828500414,1000.0,2803.468,6427.0,11951.0,,,,
false,true,24,16,384,1,164.04199475065616,1000.0,2820.397,6943.0,11519.0,,,,
false,true,24,16,384,3,164.82610845557937,1000.0,2828.74,6911.0,13023.0,,,,
false,true,24,16,384,5,163.6929120969062,1000.0,2836.4,6855.0,11359.0,,,,
false,true,24,16,384,7,165.89250165892503,1000.0,2730.872,5947.0,10591.0,,,,
false,true,24,16,512,1,165.371258475277,1000.0,2808.976,7179.0,10983.0,,,,
false,true,24,16,512,3,162.2586402725945,1000.0,2906.152,6439.0,12119.0,,,,
false,true,24,16,512,5,166.333998669328,1000.0,2716.421,5983.0,10879.0,,,,
false,true,24,16,512,7,166.72224074691565,1000.0,2691.296,6263.0,13327.0,,,,
false,true,24,16,640,1,164.23057973394646,1000.0,2859.987,7071.0,11735.0,,,,
false,true,24,16,640,3,169.86580601324954,1000.0,2626.302,6307.0,10959.0,,,,
false,true,24,16,640,5,163.55904481517828,1000.0,2868.025,7055.0,12159.0,,,,
false,true,24,16,640,7,163.26530612244898,1000.0,2850.449,7375.0,13327.0,,,,
false,true,24,24,256,1,167.7289500167729,1000.0,2694.014,6399.0,11879.0,,,,
false,true,24,24,256,3,162.89297931259162,1000.0,2840.99,6611.0,12039.0,,,,
false,true,24,24,256,5,168.09547823163558,1000.0,2673.138,6315.0,10591.0,,,,
false,true,24,24,256,7,166.19577862722286,1000.0,2749.645,6471.0,10911.0,,,,
false,true,24,24,384,1,167.19612104999163,1000.0,2740.393,6319.0,12231.0,,,,
false,true,24,24,384,3,162.52234682268812,1000.0,2932.813,6407.0,12175.0,,,,
false,true,24,24,384,5,167.9261125104954,1000.0,2656.827,5647.0,9319.0,,,,
false,true,24,24,384,7,164.0150893882237,1000.0,2866.556,6899.0,12303.0,,,,
false,true,24,24,512,1,162.83992835043153,1000.0,2882.475,6707.0,11599.0,,,,
false,true,24,24,512,3,169.1761123329386,1000.0,2626.726,6119.0,9855.0,,,,
false,true,24,24,512,5,165.42597187758477,1000.0,2798.841,6327.0,12479.0,,,,
false,true,24,24,512,7,166.88918558077435,1000.0,2768.808,6427.0,12559.0,,,,
false,true,24,24,640,1,167.02856188408217,1000.0,2719.923,5819.0,11447.0,,,,
false,true,24,24,640,3,169.09029421711193,1000.0,2655.267,5679.0,10279.0,,,,
false,true,24,24,640,5,165.56291390728478,1000.0,2795.773,6019.0,10479.0,,,,
false,true,24,24,640,7,164.257555847569,1000.0,2796.893,6471.0,10743.0,,,,
false,true,24,32,256,1,162.68098259313487,1000.0,2847.157,6327.0,12039.0,,,,
false,true,24,32,256,3,161.49870801033592,1000.0,2960.472,6599.0,12159.0,,,,
false,true,24,32,256,5,165.59032952475576,1000.0,2755.805,6971.0,11527.0,,,,
false,true,24,32,256,7,163.5858007524947,1000.0,2854.765,6515.0,11999.0,,,,
false,true,24,32,384,1,164.31153466973382,1000.0,2821.818,7127.0,11935.0,,,,
false,true,24,32,384,3,162.04829039053638,1000.0,2815.411,6795.0,11735.0,,,,
false,true,24,32,384,5,165.72754391779912,1000.0,2760.43,6263.0,12831.0,,,,
false,true,24,32,384,7,164.88046166529267,1000.0,2822.603,6035.0,11359.0,,,,
false,true,24,32,512,1,165.26194017517767,1000.0,2726.763,6343.0,11143.0,,,,
false,true,24,32,512,3,164.98927569707968,1000.0,2841.831,6847.0,10719.0,,,,
false,true,24,32,512,5,165.26194017517767,1000.0,2808.306,6519.0,13119.0,,,,
false,true,24,32,512,7,163.6929120969062,1000.0,2831.499,6551.0,11327.0,,,,
false,true,24,32,640,1,165.26194017517767,1000.0,2786.614,6715.0,10879.0,,,,
false,true,24,32,640,3,162.86644951140065,1000.0,2886.384,6539.0,13671.0,,,,
false,true,24,32,640,5,164.63615409944023,1000.0,2806.055,6619.0,11143.0,,,,
false,true,24,32,640,7,164.0150893882237,1000.0,2832.231,6415.0,11663.0,,,,
false,true,24,40,256,1,162.99918500407497,1000.0,2905.624,6611.0,12503.0,,,,
false,true,24,40,256,3,164.7175094712568,1000.0,2785.068,6195.0,11391.0,,,,
false,true,24,40,256,5,161.39444803098775,1000.0,2906.231,7163.0,11719.0,,,,
false,true,24,40,256,7,158.73015873015873,1000.0,3010.5,7311.0,12087.0,,,,
false,true,24,40,384,1,165.18004625041294,1000.0,2729.517,6391.0,11167.0,,,,
false,true,24,40,384,3,166.47244880972198,1000.0,2761.266,5751.0,11431.0,,,,
false,true,24,40,384,5,167.42005692281936,1000.0,2726.543,6291.0,11679.0,,,,
false,true,24,40,384,7,167.47613465081227,1000.0,2697.483,6407.0,10551.0,,,,
false,true,24,40,512,1,166.72224074691565,1000.0,2773.048,6223.0,11343.0,,,,
false,true,24,40,512,3,162.94606485253382,1000.0,2860.639,6647.0,12143.0,,,,
false,true,24,40,512,5,170.2127659574468,1000.0,2645.807,5731.0,10423.0,,,,
false,true,24,40,512,7,165.28925619834712,1000.0,2790.342,6491.0,12679.0,,,,
false,true,24,40,640,1,161.08247422680412,1000.0,2931.448,7291.0,14471.0,,,,
false,true,24,40,640,3,163.55904481517828,1000.0,2821.993,6811.0,12559.0,,,,
false,true,24,40,640,5,166.41704110500916,1000.0,2763.651,6675.0,12335.0,,,,
false,true,24,40,640,7,162.20600162206003,1000.0,2928.362,7119.0,11623.0,,,,
false,true,32,16,256,1,166.55562958027983,1000.0,2730.933,6331.0,13015.0,,,,
false,true,32,16,256,3,170.41581458759373,1000.0,2623.065,6283.0,11895.0,,,,
false,true,32,16,256,5,165.97510373443984,1000.0,2772.392,6579.0,11911.0,,,,
false,true,32,16,256,7,165.01650165016503,1000.0,2787.378,5955.0,9359.0,,,,
false,true,32,16,384,1,162.97262059973923,1000.0,2887.841,6159.0,12887.0,,,,
false,true,32,16,384,3,164.14970453053184,1000.0,2866.423,6587.0,12383.0,,,,
false,true,32,16,384,5,168.46361185983827,1000.0,2643.507,6543.0,11391.0,,,,
false,true,32,16,384,7,165.45334215751157,1000.0,2758.935,6499.0,14191.0,,,,
false,true,32,16,512,1,159.71889474524835,1000.0,3024.106,6707.0,12359.0,,,,
false,true,32,16,512,3,165.31658125309968,1000.0,2720.863,6011.0,10407.0,,,,
false,true,32,16,512,5,167.02856188408217,1000.0,2751.714,6355.0,10751.0,,,,
false,true,32,16,512,7,163.77333770062233,1000.0,2842.585,6199.0,10167.0,,,,
false,true,32,16,640,1,166.75004168751042,1000.0,2737.03,6531.0,11351.0,,,,
false,true,32,16,640,3,161.18633139909736,1000.0,2959.648,7159.0,12455.0,,,,
false,true,32,16,640,5,162.33766233766235,1000.0,2920.134,7091.0,12127.0,,,,
false,true,32,16,640,7,165.56291390728478,1000.0,2778.488,6415.0,11543.0,,,,
false,true,32,24,256,1,166.75004168751042,1000.0,2769.444,6155.0,11159.0,,,,
false,true,32,24,256,3,166.14055490945339,1000.0,2750.317,6211.0,11071.0,,,,
false,true,32,24,256,5,164.20361247947454,1000.0,2788.702,6731.0,10743.0,,,,
false,true,32,24,256,7,163.61256544502618,1000.0,2816.758,6167.0,10983.0,,,,
false,true,32,24,384,1,166.16816218012627,1000.0,2788.86,6551.0,11447.0,,,,
false,true,32,24,384,3,168.18028927009755,1000.0,2679.217,6263.0,10623.0,,,,
false,true,32,24,384,5,164.446637066272,1000.0,2801.223,6579.0,10287.0,,,,
false,true,32,24,384,7,167.98252981689905,1000.0,2710.527,6559.0,11351.0,,,,
false,true,32,24,512,1,165.8374792703151,1000.0,2728.354,6719.0,12335.0,,,,
false,true,32,24,512,3,164.47368421052633,1000.0,2787.041,6667.0,12007.0,,,,
false,true,32,24,512,5,164.33853738701725,1000.0,2836.084,7343.0,11239.0,,,,
false,true,32,24,512,7,163.1055292774425,1000.0,2848.734,6627.0,11903.0,,,,
false,true,32,24,640,1,166.58337497917708,1000.0,2738.439,5755.0,10399.0,,,,
false,true,32,24,640,3,165.18004625041294,1000.0,2825.502,6679.0,12839.0,,,,
false,true,32,24,640,5,166.41704110500916,1000.0,2727.655,7171.0,10895.0,,,,
false,true,32,24,640,7,167.36401673640168,1000.0,2711.035,5847.0,10959.0,,,,
false,true,32,32,256,1,165.78249336870027,1000.0,2789.75,6239.0,9775.0,,,,
false,true,32,32,256,3,163.96130513198884,1000.0,2794.996,6539.0,11151.0,,,,
false,true,32,32,256,5,167.7289500167729,1000.0,2726.357,6399.0,11671.0,,,,
false,true,32,32,256,7,167.16817118020728,1000.0,2781.88,7007.0,12927.0,,,,
false,true,32,32,384,1,167.897918065816,1000.0,2691.675,6455.0,11527.0,,,,
false,true,32,32,384,3,165.50810989738497,1000.0,2813.68,7011.0,11607.0,,,,
false,true,32,32,384,5,163.1321370309951,1000.0,2874.686,6787.0,10495.0,,,,
false,true,32,32,384,7,165.371258475277,1000.0,2771.682,6771.0,12759.0,,,,
false,true,32,32,512,1,169.7792869269949,1000.0,2645.595,6707.0,11455.0,,,,
false,true,32,32,512,3,165.59032952475576,1000.0,2766.037,6367.0,12255.0,,,,
false,true,32,32,512,5,165.53550736633008,1000.0,2752.52,6147.0,11655.0,,,,
false,true,32,32,512,7,166.86133822793258,1000.0,2759.129,6307.0,9983.0,,,,
false,true,32,32,640,1,165.6726308813784,1000.0,2789.747,7415.0,12407.0,,,,
false,true,32,32,640,3,167.19612104999163,1000.0,2688.365,6351.0,10655.0,,,,
false,true,32,32,640,5,165.12549537648613,1000.0,2813.901,6739.0,12119.0,,,,
false,true,32,32,640,7,164.90765171503958,1000.0,2802.456,7487.0,12063.0,,,,
false,true,32,40,256,1,162.97262059973923,1000.0,2851.841,6423.0,12463.0,,,,
false,true,32,40,256,3,166.41704110500916,1000.0,2737.778,6787.0,12543.0,,,,
false,true,32,40,256,5,165.6451880072884,1000.0,2780.849,6267.0,10215.0,,,,
false,true,32,40,256,7,171.73278378842522,1000.0,2576.359,5803.0,10543.0,,,,
false,true,32,40,384,1,166.6944490748458,1000.0,2747.52,6751.0,9943.0,,,,
false,true,32,40,384,3,163.3986928104575,1000.0,2866.633,6531.0,11911.0,,,,
false,true,32,40,384,5,168.54879487611663,1000.0,2664.877,6035.0,10175.0,,,,
false,true,32,40,384,7,167.0843776106934,1000.0,2725.759,6727.0,12367.0,,,,
false,true,32,40,512,1,165.0709805216243,1000.0,2805.824,6427.0,10455.0,,,,
false,true,32,40,512,3,163.371998039536,1000.0,2836.663,6507.0,12431.0,,,,
false,true,32,40,512,5,166.36167027116952,1000.0,2736.248,6155.0,10167.0,,,,
false,true,32,40,512,7,162.68098259313487,1000.0,2859.343,6731.0,11815.0,,,,
false,true,32,40,640,1,166.8335001668335,1000.0,2727.376,6511.0,9911.0,,,,
false,true,32,40,640,3,168.09547823163558,1000.0,2712.247,6179.0,11279.0,,,,
false,true,32,40,640,5,165.8374792703151,1000.0,2781.621,5815.0,12575.0,,,,
false,true,32,40,640,7,166.22340425531914,1000.0,2776.657,6187.0,12855.0,,,,
false,true,40,16,256,1,163.29196603527106,1000.0,2873.717,6591.0,11287.0,,,,
false,true,40,16,256,3,166.36167027116952,1000.0,2768.744,6715.0,12495.0,,,,
false,true,40,16,256,5,164.39256945586058,1000.0,2778.678,7195.0,13119.0,,,,
false,true,40,16,256,7,164.63615409944023,1000.0,2804.409,6331.0,10319.0,,,,
false,true,40,16,384,1,161.96954972465176,1000.0,2892.817,6491.0,14023.0,,,,
false,true,40,16,384,3,166.38935108153078,1000.0,2738.7,6307.0,10575.0,,,,
false,true,40,16,384,5,164.12276382734285,1000.0,2839.0,6327.0,10711.0,,,,
false,true,40,16,384,7,163.26530612244898,1000.0,2834.75,6215.0,10071.0,,,,
false,true,40,16,512,1,166.9449081803005,1000.0,2655.96,6083.0,13479.0,,,,
false,true,40,16,512,3,165.61775422325275,1000.0,2796.127,5919.0,12751.0,,,,
false,true,40,16,512,5,168.20857863751053,1000.0,2697.395,6079.0,10407.0,,,,
false,true,40,16,512,7,167.5603217158177,1000.0,2677.7,6423.0,10743.0,,,,
false,true,40,16,640,1,162.94606485253382,1000.0,2886.722,7199.0,12751.0,,,,
false,true,40,16,640,3,165.26194017517767,1000.0,2818.834,6579.0,10655.0,,,,
false,true,40,16,640,5,165.97510373443984,1000.0,2737.732,6419.0,12247.0,,,,
false,true,40,16,640,7,165.78249336870027,1000.0,2807.217,6371.0,11263.0,,,,
false,true,40,24,256,1,166.77785190126752,1000.0,2718.107,6415.0,11871.0,,,,
false,true,40,24,256,3,166.9449081803005,1000.0,2704.158,6355.0,12407.0,,,,
false,true,40,24,256,5,164.98927569707968,1000.0,2815.945,6527.0,11759.0,,,,
false,true,40,24,256,7,164.58196181698486,1000.0,2797.38,7147.0,12511.0,,,,
false,true,40,24,384,1,161.70763260025873,1000.0,2914.565,6951.0,10647.0,,,,
false,true,40,24,384,3,166.27868307283006,1000.0,2748.134,6359.0,10375.0,,,,
false,true,40,24,384,5,160.1024655779699,1000.0,2990.778,6931.0,11439.0,,,,
false,true,40,24,384,7,166.80567139282735,1000.0,2731.055,6475.0,10471.0,,,,
false,true,40,24,512,1,161.86468112657818,1000.0,2926.501,7751.0,12871.0,,,,
false,true,40,24,512,3,163.47882949158085,1000.0,2875.397,6223.0,12471.0,,,,
false,true,40,24,512,5,165.56291390728478,1000.0,2769.795,6715.0,11871.0,,,,
false,true,40,24,512,7,171.11567419575633,1000.0,2601.654,6391.0,10967.0,,,,
false,true,40,24,640,1,165.18004625041294,1000.0,2815.575,6291.0,12567.0,,,,
false,true,40,24,640,3,169.03313049357675,1000.0,2650.128,5835.0,11479.0,,,,
false,true,40,24,640,5,164.04199475065616,1000.0,2855.759,7299.0,12871.0,,,,
false,true,40,24,640,7,165.12549537648613,1000.0,2815.941,6375.0,11607.0,,,,
false,true,40,32,256,1,167.7008217340265,1000.0,2670.184,5611.0,11279.0,,,,
false,true,40,32,256,3,166.25103906899417,1000.0,2759.09,6487.0,12383.0,,,,
false,true,40,32,256,5,163.9344262295082,1000.0,2811.702,7111.0,12583.0,,,,
false,true,40,32,256,7,166.00265604249668,1000.0,2754.767,6423.0,13271.0,,,,
false,true,40,32,384,1,164.63615409944023,1000.0,2808.035,7179.0,12023.0,,,,
false,true,40,32,384,3,166.11295681063123,1000.0,2781.802,6259.0,9895.0,,,,
false,true,40,32,384,5,165.15276630883568,1000.0,2799.635,6595.0,11399.0,,,,
false,true,40,32,384,7,164.20361247947454,1000.0,2806.116,6495.0,12095.0,,,,
false,true,40,32,512,1,164.63615409944023,1000.0,2821.607,7095.0,13287.0,,,,
false,true,40,32,512,3,164.50074025333114,1000.0,2790.239,6563.0,11103.0,,,,
false,true,40,32,512,5,169.03313049357675,1000.0,2681.242,6223.0,11063.0,,,,
false,true,40,32,512,7,163.29196603527106,1000.0,2905.082,6579.0,10743.0,,,,
false,true,40,32,640,1,163.85384237260365,1000.0,2789.75,6099.0,12695.0,,,,
false,true,40,32,640,3,170.09695526450076,1000.0,2630.042,6411.0,11471.0,,,,
false,true,40,32,640,5,166.5001665001665,1000.0,2751.795,6215.0,12823.0,,,,
false,true,40,32,640,7,164.52780519907864,1000.0,2813.55,6991.0,12687.0,,,,
false,true,40,40,256,1,166.61112962345885,1000.0,2760.38,6651.0,11479.0,,,,
false,true,40,40,256,3,158.4032947885316,1000.0,3070.919,6459.0,13703.0,,,,
false,true,40,40,256,5,164.58196181698486,1000.0,2798.351,5679.0,9631.0,,,,
false,true,40,40,256,7,163.88069485414618,1000.0,2836.24,6719.0,11215.0,,,,
false,true,40,40,384,1,161.4465611882467,1000.0,2925.66,6707.0,12695.0,,,,
false,true,40,40,384,3,164.98927569707968,1000.0,2759.035,6715.0,11271.0,,,,
false,true,40,40,384,5,167.22408026755852,1000.0,2747.93,6551.0,10263.0,,,,
false,true,40,40,384,7,164.79894528675015,1000.0,2834.097,6343.0,12263.0,,,,
false,true,40,40,512,1,165.61775422325275,1000.0,2789.529,7099.0,11551.0,,,,
false,true,40,40,512,3,167.53224995811695,1000.0,2726.02,6335.0,11991.0,,,,
false,true,40,40,512,5,160.41065126724413,1000.0,2944.624,7175.0,10479.0,,,,
false,true,40,40,512,7,162.91951775822744,1000.0,2804.428,5963.0,12847.0,,,,
false,true,40,40,640,1,163.47882949158085,1000.0,2865.634,7035.0,13263.0,,,,
false,true,40,40,640,3,170.24174327545114,1000.0,2639.469,6083.0,11551.0,,,,
false,true,40,40,640,5,165.23463317911435,1000.0,2772.186,6127.0,11375.0,,,,
false,true,40,40,640,7,162.52234682268812,1000.0,2889.793,6363.0,12927.0,,,,
true,false,16,16,256,1,161.8384851917786,1000.0,2941.323,6435.0,12311.0,,,,
true,false,16,16,256,3,165.7000828500414,1000.0,2775.122,6679.0,12159.0,,,,
true,false,16,16,256,5,167.9261125104954,1000.0,2689.625,6151.0,10463.0,,,,
true,false,16,16,256,7,161.23831022250886,1000.0,2879.464,6631.0,11719.0,,,,
true,false,16,16,384,1,164.98927569707968,1000.0,2786.757,6851.0,10631.0,,,,
true,false,16,16,384,3,161.81229773462783,1000.0,2886.163,6547.0,14775.0,,,,
true,false,16,16,384,5,167.81339150864238,1000.0,2684.262,6295.0,11551.0,,,,
true,false,16,16,384,7,166.19577862722286,1000.0,2759.909,5827.0,11631.0,,,,
true,false,16,16,512,1,163.18537859007833,1000.0,2884.517,7211.0,13567.0,,,,
true,false,16,16,512,3,163.5322976287817,1000.0,2896.916,6347.0,14775.0,,,,
true,false,16,16,512,5,165.39861065167054,1000.0,2761.201,6475.0,10687.0,,,,
true,false,16,16,512,7,164.3655489809336,1000.0,2842.102,6527.0,12239.0,,,,
true,false,16,16,640,1,162.65452179570593,1000.0,2866.663,6651.0,12215.0,,,,
true,false,16,16,640,3,169.26201760324983,1000.0,2639.622,5899.0,10167.0,,,,
true,false,16,16,640,5,163.66612111292963,1000.0,2866.748,6883.0,13039.0,,,,
true,false,16,16,640,7,165.15276630883568,1000.0,2812.664,7275.0,13279.0,,,,
true,false,16,24,256,1,159.71889474524835,1000.0,2933.554,6751.0,13303.0,,,,
true,false,16,24,256,3,164.77179106936893,1000.0,2809.188,6275.0,12239.0,,,,
true,false,16,24,256,5,162.3640201331385,1000.0,2860.102,6011.0,12583.0,,,,
true,false,16,24,256,7,166.16816218012627,1000.0,2698.254,6423.0,10735.0,,,,
true,false,16,24,384,1,162.89297931259162,1000.0,2774.001,6231.0,10335.0,,,,
true,false,16,24,384,3,167.9261125104954,1000.0,2705.695,6063.0,11191.0,,,,
true,false,16,24,384,5,165.78249336870027,1000.0,2744.535,5971.0,12447.0,,,,
true,false,16,24,384,7,165.8649859014762,1000.0,2714.965,6487.0,10503.0,,,,
true,false,16,24,512,1,162.57519102584945,1000.0,2861.539,6735.0,12415.0,,,,
true,false,16,24,512,3,162.70745200130165,1000.0,2852.072,6803.0,10727.0,,,,
true,false,16,24,512,5,165.7000828500414,1000.0,2763.677,6603.0,12463.0,,,,
true,false,16,24,512,7,161.10842597067827,1000.0,2961.121,7483.0,12847.0,,,,
true,false,16,24,640,1,166.333998669328,1000.0,2743.925,7039.0,10991.0,,,,
true,false,16,24,640,3,164.50074025333114,1000.0,2825.254,6263.0,10983.0,,,,
true,false,16,24,640,5,163.18537859007833,1000.0,2839.14,5991.0,10655.0,,,,
true,false,16,24,640,7,164.50074025333114,1000.0,2787.476,5931.0,11439.0,,,,
true,false,16,32,256,1,162.70745200130165,1000.0,2869.532,6867.0,11351.0,,,,
true,false,16,32,256,3,163.26530612244898,1000.0,2859.427,6987.0,11207.0,,,,
true,false,16,32,256,5,166.25103906899417,1000.0,2728.168,6615.0,10783.0,,,,
true,false,16,32,256,7,165.8649859014762,1000.0,2771.533,6575.0,10727.0,,,,
true,false,16,32,384,1,162.89297931259162,1000.0,2942.125,6547.0,12303.0,,,,
true,false,16,32,384,3,168.57720836142954,1000.0,2659.942,5719.0,12151.0,,,,
true,false,16,32,384,5,166.91704223001167,1000.0,2748.419,6623.0,11455.0,,,,
true,false,16,32,384,7,162.2849724115547,1000.0,2921.09,6671.0,11743.0,,,,
true,false,16,32,512,1,163.55904481517828,1000.0,2835.645,6635.0,12679.0,,,,
true,false,16,32,512,3,165.34391534391534,1000.0,2755.6,6971.0,11879.0,,,,
true,false,16,32,512,5,164.90765171503958,1000.0,2806.302,6599.0,12159.0,,,,
true,false,16,32,512,7,166.03021749958492,1000.0,2726.337,6171.0,11479.0,,,,
true,false,16,32,640,1,166.36167027116952,1000.0,2778.5,6087.0,10527.0,,,,
true,false,16,32,640,3,165.42597187758477,1000.0,2795.041,6439.0,10703.0,,,,
true,false,16,32,640,5,163.26530612244898,1000.0,2828.328,6907.0,11071.0,,,,
true,false,16,32,640,7,165.6726308813784,1000.0,2800.378,6415.0,11047.0,,,,
true,false,16,40,256,1,162.04829039053638,1000.0,2933.261,7039.0,12111.0,,,,
true,false,16,40,256,3,162.76041666666666,1000.0,2827.381,6619.0,11807.0,,,,
true,false,16,40,256,5,166.333998669328,1000.0,2738.321,6547.0,10239.0,,,,
true,false,16,40,256,7,163.96130513198884,1000.0,2797.618,6935.0,12575.0,,,,
true,false,16,40,384,1,167.9261125104954,1000.0,2678.799,6215.0,10943.0,,,,
true,false,16,40,384,3,164.2845408247084,1000.0,2819.948,6939.0,10967.0,,,,
true,false,16,40,384,5,165.72754391779912,1000.0,2732.537,6779.0,11103.0,,,,
true,false,16,40,384,7,165.6726308813784,1000.0,2748.957,6571.0,11375.0,,,,
true,false,16,40,512,1,167.5603217158177,1000.0,2737.436,6091.0,10335.0,,,,
true,false,16,40,512,3,167.5603217158177,1000.0,2698.08,7111.0,13015.0,,,,
true,false,16,40,512,5,165.0437365901964,1000.0,2735.938,6003.0,10343.0,,,,
true,false,16,40,512,7,167.58840288252054,1000.0,2761.045,6351.0,11511.0,,,,
true,false,16,40,640,1,163.55904481517828,1000.0,2876.067,7231.0,13631.0,,,,
true,false,16,40,640,3,167.02856188408217,1000.0,2719.133,6487.0,12783.0,,,,
true,false,16,40,640,5,163.8001638001638,1000.0,2879.124,6251.0,11991.0,,,,
true,false,16,40,640,7,165.59032952475576,1000.0,2756.79,6467.0,11111.0,,,,
true,false,24,16,256,1,166.47244880972198,1000.0,2703.619,6227.0,13279.0,,,,
true,false,24,16,256,3,165.34391534391534,1000.0,2811.611,6139.0,11351.0,,,,
true,false,24,16,256,5,165.61775422325275,1000.0,2767.453,6703.0,11479.0,,,,
true,false,24,16,256,7,168.03898504453034,1000.0,2717.754,6351.0,10695.0,,,,
true,false,24,16,384,1,165.7550140891762,1000.0,2790.06,7071.0,14175.0,,,,
true,false,24,16,384,3,166.63889351774705,1000.0,2787.718,7163.0,10807.0,,,,
true,false,24,16,384,5,162.6280696048138,1000.0,2869.148,7427.0,11215.0,,,,
true,false,24,16,384,7,169.03313049357675,1000.0,2696.506,6111.0,10487.0,,,,
true,false,24,16,512,1,165.97510373443984,1000.0,2768.09,7007.0,11935.0,,,,
true,false,24,16,512,3,164.04199475065616,1000.0,2836.478,6643.0,11383.0,,,,
true,false,24,16,512,5,170.41581458759373,1000.0,2608.76,6203.0,12207.0,,,,
true,false,24,16,512,7,160.74586079408456,1000.0,2961.372,7103.0,11647.0,,,,
true,false,24,16,640,1,167.58840288252054,1000.0,2692.85,6175.0,12847.0,,,,
true,false,24,16,640,3,166.44474034620507,1000.0,2766.841,6219.0,10687.0,,,,
true,false,24,16,640,5,165.45334215751157,1000.0,2813.797,6831.0,13311.0,,,,
true,false,24,16,640,7,166.14055490945339,1000.0,2739.506,6791.0,10487.0,,,,
true,false,24,24,256,1,163.5322976287817,1000.0,2873.904,6699.0,11631.0,,,,
true,false,24,24,256,3,162.89297931259162,1000.0,2862.99,6971.0,11271.0,,,,
true,false,24,24,256,5,167.61649346295675,1000.0,2702.892,6375.0,10711.0,,,,
true,false,24,24,256,7,168.83336147222693,1000.0,2675.47,5683.0,11543.0,,,,
true,false,24,24,384,1,162.39038648911983,1000.0,2864.056,6411.0,10727.0,,,,
true,false,24,24,384,3,163.47882949158085,1000.0,2835.542,6019.0,12111.0,,,,
true,false,24,24,384,5,164.77179106936893,1000.0,2790.49,6359.0,11527.0,,,,
true,false,24,24,384,7,164.446637066272,1000.0,2777.07,6271.0,11191.0,,,,
true,false,24,24,512,1,166.36167027116952,1000.0,2728.451,6479.0,12271.0,,,,
true,false,24,24,512,3,164.69038208168644,1000.0,2818.378,5827.0,11023.0,,,,
true,false,24,24,512,5,162.94606485253382,1000.0,2874.063,6307.0,13631.0,,,,
true,false,24,24,512,7,170.03910899506886,1000.0,2649.176,6455.0,11039.0,,,,
true,false,24,24,640,1,165.31658125309968,1000.0,2778.616,6551.0,11575.0,,,,
true,false,24,24,640,3,163.1055292774425,1000.0,2825.92,6303.0,11823.0,,,,
true,false,24,24,640,5,166.00265604249668,1000.0,2724.208,6535.0,12047.0,,,,
true,false,24,24,640,7,164.31153466973382,1000.0,2843.39,6691.0,11135.0,,,,
true,false,24,32,256,1,162.5487646293888,1000.0,2874.28,6691.0,12439.0,,,,
true,false,24,32,256,3,170.590242238144,1000.0,2543.837,5471.0,12511.0,,,,
true,false,24,32,256,5,163.23865491348351,1000.0,2891.147,6951.0,12399.0,,,,
true,false,24,32,256,7,162.73393002441009,1000.0,2853.745,6903.0,10839.0,,,,
true,false,24,32,384,1,162.57519102584945,1000.0,2834.605,6399.0,11783.0,,,,
true,false,24,32,384,3,166.8335001668335,1000.0,2737.688,6175.0,10727.0,,,,
true,false,24,32,384,5,167.42005692281936,1000.0,2676.159,6631.0,10775.0,,,,
true,false,24,32,384,7,166.30633627141194,1000.0,2752.273,5795.0,11679.0,,,,
true,false,24,32,512,1,164.9620587264929,1000.0,2800.446,6439.0,11879.0,,,,
true,false,24,32,512,3,161.16035455278,1000.0,2881.268,6963.0,10359.0,,,,
true,false,24,32,512,5,169.09029421711193,1000.0,2655.18,6395.0,9991.0,,,,
true,false,24,32,512,7,168.97600540723218,1000.0,2638.244,6743.0,11935.0,,,,
true,false,24,32,640,1,166.66666666666666,1000.0,2715.676,6447.0,10679.0,,,,
true,false,24,32,640,3,163.7465203864418,1000.0,2748.232,6323.0,10471.0,,,,
true,false,24,32,640,5,166.22340425531914,1000.0,2737.994,6835.0,13519.0,,,,
true,false,24,32,640,7,160.72002571520412,1000.0,2954.426,6955.0,11487.0,,,,
true,false,24,40,256,1,164.5548790521639,1000.0,2789.758,6471.0,11047.0,,,,
true,false,24,40,256,3,167.7289500167729,1000.0,2732.078,6991.0,11151.0,,,,
true,false,24,40,256,5,162.94606485253382,1000.0,2888.034,6595.0,11079.0,,,,
true,false,24,40,256,7,166.9727834362999,1000.0,2751.966,6407.0,13095.0,,,,
true,false,24,40,384,1,164.257555847569,1000.0,2850.021,7095.0,11247.0,,,,
true,false,24,40,384,3,163.55904481517828,1000.0,2843.109,6795.0,13079.0,,,,
true,false,24,40,384,5,166.80567139282735,1000.0,2691.591,6003.0,10367.0,,,,
true,false,24,40,384,7,166.14055490945339,1000.0,2774.983,6567.0,12471.0,,,,
true,false,24,40,512,1,166.30633627141194,1000.0,2779.235,6719.0,11183.0,,,,
true,false,24,40,512,3,172.74140611504578,1000.0,2541.928,5927.0,10607.0,,,,
true,false,24,40,512,5,161.86468112657818,1000.0,2881.935,6811.0,12615.0,,,,
true,false,24,40,512,7,161.57699143641946,1000.0,2901.505,6939.0,12391.0,,,,
true,false,24,40,640,1,163.63933889707084,1000.0,2817.621,6183.0,10863.0,,,,
true,false,24,40,640,3,171.88037126160194,1000.0,2566.363,5983.0,10639.0,,,,
true,false,24,40,640,5,165.8649859014762,1000.0,2727.174,6731.0,12551.0,,,,
true,false,24,40,640,7,164.90765171503958,1000.0,2785.502,6727.0,11207.0,,,,
true,false,32,16,256,1,167.19612104999163,1000.0,2742.157,6627.0,10303.0,,,,
true,false,32,16,256,3,163.63933889707084,1000.0,2842.441,6539.0,11743.0,,,,
true,false,32,16,256,5,167.36401673640168,1000.0,2654.21,6247.0,11103.0,,,,
true,false,32,16,256,7,165.72754391779912,1000.0,2798.27,6815.0,11599.0,,,,
true,false,32,16,384,1,167.84155756965424,1000.0,2709.561,6335.0,11639.0,,,,
true,false,32,16,384,3,167.50418760469012,1000.0,2656.736,6379.0,10943.0,,,,
true,false,32,16,384,5,165.78249336870027,1000.0,2791.248,6659.0,10567.0,,,,
true,false,32,16,384,7,166.86133822793258,1000.0,2696.848,6751.0,10343.0,,,,
true,false,32,16,512,1,168.03898504453034,1000.0,2680.878,6327.0,12383.0,,,,
true,false,32,16,512,3,162.97262059973923,1000.0,2847.562,6367.0,10951.0,,,,
true,false,32,16,512,5,164.23057973394646,1000.0,2796.126,5835.0,9167.0,,,,
true,false,32,16,512,7,170.24174327545114,1000.0,2599.604,5951.0,11575.0,,,,
true,false,32,16,640,1,163.9344262295082,1000.0,2849.834,7003.0,12575.0,,,,
true,false,32,16,640,3,164.74464579901152,1000.0,2768.344,6771.0,9719.0,,,,
true,false,32,16,640,5,165.72754391779912,1000.0,2736.813,6659.0,11455.0,,,,
true,false,32,16,640,7,161.60310277957336,1000.0,2900.369,6399.0,11887.0,,,,
true,false,32,24,256,1,167.50418760469012,1000.0,2688.744,6011.0,10319.0,,,,
true,false,32,24,256,3,164.04199475065616,1000.0,2795.604,6727.0,11959.0,,,,
true,false,32,24,256,5,164.41959881617888,1000.0,2854.055,6155.0,10663.0,,,,
true,false,32,24,256,7,163.05233980107616,1000.0,2814.447,6483.0,10823.0,,,,
true,false,32,24,384,1,168.74789065136684,1000.0,2653.286,5627.0,11727.0,,,,
true,false,32,24,384,3,166.08536787908986,1000.0,2778.379,6063.0,11447.0,,,,
true,false,32,24,384,5,166.03021749958492,1000.0,2732.842,6871.0,10903.0,,,,
true,false,32,24,384,7,164.446637066272,1000.0,2786.593,6779.0,11719.0,,,,
true,false,32,24,512,1,165.78249336870027,1000.0,2800.254,6707.0,12247.0,,,,
true,false,32,24,512,3,164.6090534979424,1000.0,2815.171,6155.0,13119.0,,,,
true,false,32,24,512,5,166.44474034620507,1000.0,2720.605,7151.0,13519.0,,,,
true,false,32,24,512,7,163.18537859007833,1000.0,2877.215,6731.0,13327.0,,,,
true,false,32,24,640,1,163.26530612244898,1000.0,2905.831,6807.0,11423.0,,,,
true,false,32,24,640,3,164.23057973394646,1000.0,2816.138,6239.0,11615.0,,,,
true,false,32,24,640,5,164.9620587264929,1000.0,2774.858,5851.0,11575.0,,,,
true,false,32,24,640,7,159.6169193934557,1000.0,2998.953,6815.0,12551.0,,,,
true,false,32,32,256,1,171.939477303989,1000.0,2569.109,6187.0,10831.0,,,,
true,false,32,32,256,3,164.6090534979424,1000.0,2793.275,6563.0,11287.0,,,,
true,false,32,32,256,5,165.56291390728478,1000.0,2739.382,6451.0,11119.0,,,,
true,false,32,32,256,7,164.6090534979424,1000.0,2795.928,6499.0,12583.0,,,,
true,false,32,32,384,1,165.78249336870027,1000.0,2789.645,7135.0,11119.0,,,,
true,false,32,32,384,3,163.85384237260365,1000.0,2841.168,6691.0,12727.0,,,,
true,false,32,32,384,5,165.53550736633008,1000.0,2776.204,6379.0,11359.0,,,,
true,false,32,32,384,7,162.52234682268812,1000.0,2897.24,6819.0,11615.0,,,,
true,false,32,32,512,1,161.94331983805668,1000.0,2927.017,6515.0,11535.0,,,,
true,false,32,32,512,3,163.826998689384,1000.0,2846.996,6371.0,12095.0,,,,
true,false,32,32,512,5,167.33601070950468,1000.0,2753.734,6631.0,10231.0,,,,
true,false,32,32,512,7,162.5487646293888,1000.0,2849.252,6995.0,12743.0,,,,
true,false,32,32,640,1,167.6727028839705,1000.0,2683.985,6083.0,9959.0,,,,
true,false,32,32,640,3,164.20361247947454,1000.0,2842.939,6471.0,12487.0,,,,
true,false,32,32,640,5,160.48788316482106,1000.0,2975.822,7411.0,11223.0,,,,
true,false,32,32,640,7,167.1402306535183,1000.0,2666.376,6215.0,12111.0,,,,
true,false,32,40,256,1,166.47244880972198,1000.0,2717.305,7219.0,12055.0,,,,
true,false,32,40,256,3,168.89039013680122,1000.0,2642.947,6403.0,10783.0,,,,
true,false,32,40,256,5,166.30633627141194,1000.0,2751.275,6355.0,11943.0,,,,
true,false,32,40,256,7,168.63406408094434,1000.0,2711.827,6291.0,11871.0,,,,
true,false,32,40,384,1,165.0437365901964,1000.0,2839.763,6803.0,11855.0,,,,
true,false,32,40,384,3,162.1796951021732,1000.0,2851.118,6183.0,11399.0,,,,
true,false,32,40,384,5,167.61649346295675,1000.0,2719.466,6843.0,10879.0,,,,
true,false,32,40,384,7,166.333998669328,1000.0,2687.986,6923.0,11047.0,,,,
true,false,32,40,512,1,162.60162601626016,1000.0,2834.73,6883.0,13343.0,,,,
true,false,32,40,512,3,166.11295681063123,1000.0,2767.212,6423.0,11543.0,,,,
true,false,32,40,512,5,167.6727028839705,1000.0,2698.712,6135.0,12095.0,,,,
true,false,32,40,512,7,164.63615409944023,1000.0,2787.169,6471.0,12055.0,,,,
true,false,32,40,640,1,166.30633627141194,1000.0,2796.061,6295.0,10295.0,,,,
true,false,32,40,640,3,167.98252981689905,1000.0,2675.587,6371.0,10999.0,,,,
true,false,32,40,640,5,170.06802721088437,1000.0,2620.928,6239.0,10231.0,,,,
true,false,32,40,640,7,166.25103906899417,1000.0,2764.14,5899.0,9655.0,,,,
true,false,40,16,256,1,158.78056525881232,1000.0,2977.485,6915.0,11951.0,,,,
true,false,40,16,256,3,170.24174327545114,1000.0,2600.587,6411.0,11991.0,,,,
true,false,40,16,256,5,164.58196181698486,1000.0,2812.481,6887.0,11775.0,,,,
true,false,40,16,256,7,164.04199475065616,1000.0,2812.036,6379.0,11399.0,,,,
true,false,40,16,384,1,166.75004168751042,1000.0,2714.171,6251.0,12239.0,,,,
true,false,40,16,384,3,166.38935108153078,1000.0,2755.762,6263.0,9951.0,,,,
true,false,40,16,384,5,162.3640201331385,1000.0,2894.93,6907.0,11439.0,,,,
true,false,40,16,384,7,165.01650165016503,1000.0,2771.082,6023.0,11727.0,,,,
true,false,40,16,512,1,166.08536787908986,1000.0,2796.288,7095.0,10631.0,,,,
true,false,40,16,512,3,162.68098259313487,1000.0,2861.041,6483.0,14399.0,,,,
true,false,40,16,512,5,164.52780519907864,1000.0,2666.559,5627.0,9823.0,,,,
true,false,40,16,512,7,166.9449081803005,1000.0,2779.961,6883.0,11855.0,,,,
true,false,40,16,640,1,161.81229773462783,1000.0,2937.156,6359.0,12903.0,,,,
true,false,40,16,640,3,167.8697330871244,1000.0,2681.175,6179.0,11063.0,,,,
true,false,40,16,640,5,168.89039013680122,1000.0,2656.667,5907.0,11567.0,,,,
true,false,40,16,640,7,164.23057973394646,1000.0,2791.689,6863.0,13503.0,,,,
true,false,40,24,256,1,166.77785190126752,1000.0,2727.759,6315.0,10375.0,,,,
true,false,40,24,256,3,165.34391534391534,1000.0,2795.053,6487.0,10415.0,,,,
true,false,40,24,256,5,163.7465203864418,1000.0,2853.393,6879.0,11775.0,,,,
true,false,40,24,256,7,168.8048615800135,1000.0,2640.373,6255.0,12159.0,,,,
true,false,40,24,384,1,166.25103906899417,1000.0,2747.429,5875.0,11407.0,,,,
true,false,40,24,384,3,168.52039096730704,1000.0,2670.47,6795.0,11631.0,,,,
true,false,40,24,384,5,163.31863465621427,1000.0,2835.74,6591.0,11343.0,,,,
true,false,40,24,384,7,162.97262059973923,1000.0,2898.449,6787.0,12007.0,,,,
true,false,40,24,512,1,166.9727834362999,1000.0,2735.259,6647.0,13719.0,,,,
true,false,40,24,512,3,167.897918065816,1000.0,2691.321,6791.0,11751.0,,,,
true,false,40,24,512,5,168.26518593303047,1000.0,2681.931,6383.0,12703.0,,,,
true,false,40,24,512,7,168.18028927009755,1000.0,2658.033,6111.0,10895.0,,,,
true,false,40,24,640,1,164.7175094712568,1000.0,2800.031,7143.0,12175.0,,,,
true,false,40,24,640,3,168.54879487611663,1000.0,2682.363,5415.0,9351.0,,,,
true,false,40,24,640,5,165.61775422325275,1000.0,2783.29,6943.0,12647.0,,,,
true,false,40,24,640,7,161.21231662098984,1000.0,2874.052,6063.0,11991.0,,,,
true,false,40,32,256,1,166.27868307283006,1000.0,2754.785,6083.0,10919.0,,,,
true,false,40,32,256,3,160.0,1000.0,2950.862,7067.0,13271.0,,,,
true,false,40,32,256,5,167.2800267648043,1000.0,2674.916,5663.0,12463.0,,,,
true,false,40,32,256,7,164.63615409944023,1000.0,2746.005,5831.0,10199.0,,,,
true,false,40,32,384,1,168.23687752355318,1000.0,2650.609,6223.0,11367.0,,,,
true,false,40,32,384,3,168.23687752355318,1000.0,2703.626,6303.0,11631.0,,,,
true,false,40,32,384,5,164.04199475065616,1000.0,2828.383,6727.0,13815.0,,,,
true,false,40,32,384,7,161.60310277957336,1000.0,2901.25,6875.0,11559.0,,,,
true,false,40,32,512,1,165.23463317911435,1000.0,2790.068,6471.0,10047.0,,,,
true,false,40,32,512,3,165.80998176090202,1000.0,2811.597,6499.0,11247.0,,,,
true,false,40,32,512,5,161.94331983805668,1000.0,2913.3,5979.0,10631.0,,,,
true,false,40,32,512,7,165.56291390728478,1000.0,2740.47,6859.0,11303.0,,,,
true,false,40,32,640,1,163.5322976287817,1000.0,2841.03,6411.0,11647.0,,,,
true,false,40,32,640,3,163.88069485414618,1000.0,2802.966,6807.0,12927.0,,,,
true,false,40,32,640,5,167.53224995811695,1000.0,2709.969,6195.0,11391.0,,,,
true,false,40,32,640,7,169.4628029147602,1000.0,2683.901,5907.0,10719.0,,,,
true,false,40,40,256,1,162.86644951140065,1000.0,2788.505,6163.0,10951.0,,,,
true,false,40,40,256,3,168.9189189189189,1000.0,2659.201,6555.0,11639.0,,,,
true,false,40,40,256,5,167.7570877369569,1000.0,2736.773,6319.0,11607.0,,,,
true,false,40,40,256,7,166.8335001668335,1000.0,2691.332,6631.0,9751.0,,,,
true,false,40,40,384,1,168.69095816464238,1000.0,2714.85,5915.0,11599.0,,,,
true,false,40,40,384,3,167.44809109176154,1000.0,2693.786,6267.0,11031.0,,,,
true,false,40,40,384,5,165.8649859014762,1000.0,2732.893,6111.0,11071.0,,,,
true,false,40,40,384,7,169.7792869269949,1000.0,2608.774,5375.0,8799.0,,,,
true,false,40,40,512,1,169.9524133242692,1000.0,2662.16,6035.0,11991.0,,,,
true,false,40,40,512,3,163.5858007524947,1000.0,2826.889,6511.0,12231.0,,,,
true,false,40,40,512,5,164.66326362588507,1000.0,2808.779,6671.0,12143.0,,,,
true,false,40,40,512,7,163.45210853220007,1000.0,2823.979,7243.0,11407.0,,,,
true,false,40,40,640,1,164.69038208168644,1000.0,2786.167,5867.0,10687.0,,,,
true,false,40,40,640,3,167.84155756965424,1000.0,2667.161,6243.0,11015.0,,,,
true,false,40,40,640,5,165.34391534391534,1000.0,2773.985,5571.0,9927.0,,,,
true,false,40,40,640,7,163.9344262295082,1000.0,2839.363,6635.0,11159.0,,,,
true,true,16,16,256,1,170.8233686368295,1000.0,2591.992,5999.0,9807.0,,,,
true,true,16,16,256,3,166.44474034620507,1000.0,2758.833,6607.0,11687.0,,,,
true,true,16,16,256,5,168.63406408094434,1000.0,2608.917,6599.0,10271.0,,,,
true,true,16,16,256,7,165.0709805216243,1000.0,2807.601,6551.0,10447.0,,,,
true,true,16,16,384,1,165.59032952475576,1000.0,2781.523,6495.0,10223.0,,,,
true,true,16,16,384,3,164.58196181698486,1000.0,2795.739,6071.0,12455.0,,,,
true,true,16,16,384,5,168.71941960519655,1000.0,2588.879,6139.0,10119.0,,,,
true,true,16,16,384,7,167.02856188408217,1000.0,2771.93,6447.0,10735.0,,,,
true,true,16,16,512,1,168.15200941651253,1000.0,2648.999,6531.0,10479.0,,,,
true,true,16,16,512,3,162.73393002441009,1000.0,2852.696,6479.0,11327.0,,,,
true,true,16,16,512,5,164.20361247947454,1000.0,2842.578,6599.0,11783.0,,,,
true,true,16,16,512,7,163.31863465621427,1000.0,2839.491,6427.0,10799.0,,,,
true,true,16,16,640,1,169.06170752324599,1000.0,2682.495,6651.0,11679.0,,,,
true,true,16,16,640,3,166.63889351774705,1000.0,2724.951,6447.0,10815.0,,,,
true,true,16,16,640,5,163.3453119895459,1000.0,2802.562,6299.0,10671.0,,,,
true,true,16,16,640,7,164.82610845557937,1000.0,2742.181,6475.0,11991.0,,,,
true,true,16,24,256,1,166.08536787908986,1000.0,2773.63,6787.0,9975.0,,,,
true,true,16,24,256,3,165.8374792703151,1000.0,2724.947,6451.0,10247.0,,,,
true,true,16,24,256,5,168.12373907195695,1000.0,2667.505,6203.0,10191.0,,,,
true,true,16,24,256,7,165.94756057085962,1000.0,2814.051,6759.0,11479.0,,,,
true,true,16,24,384,1,164.17665407978984,1000.0,2820.338,6223.0,11903.0,,,,
true,true,16,24,384,3,162.10082671421625,1000.0,2885.752,5951.0,10791.0,,,,
true,true,16,24,384,5,165.48072149594572,1000.0,2795.655,6383.0,12119.0,,,,
true,true,16,24,384,7,168.18028927009755,1000.0,2686.243,6163.0,11031.0,,,,
true,true,16,24,512,1,165.20733520568314,1000.0,2732.968,5207.0,10159.0,,,,
true,true,16,24,512,3,163.371998039536,1000.0,2818.508,6763.0,10599.0,,,,
true,true,16,24,512,5,168.01075268817203,1000.0,2658.778,6303.0,10319.0,,,,
true,true,16,24,512,7,167.5603217158177,1000.0,2709.267,6715.0,12311.0,,,,
true,true,16,24,640,1,165.12549537648613,1000.0,2781.368,6095.0,11359.0,,,,
true,true,16,24,640,3,164.09583196586806,1000.0,2806.313,6527.0,10695.0,,,,
true,true,16,24,640,5,168.09547823163558,1000.0,2688.432,5395.0,9631.0,,,,
true,true,16,24,640,7,162.86644951140065,1000.0,2838.927,6671.0,11167.0,,,,
true,true,16,32,256,1,164.257555847569,1000.0,2791.238,6355.0,9623.0,,,,
true,true,16,32,256,3,164.93485073396008,1000.0,2780.159,6743.0,12439.0,,,,
true,true,16,32,256,5,162.49593760155997,1000.0,2861.645,6591.0,12775.0,,,,
true,true,16,32,256,7,161.16035455278,1000.0,2913.622,6699.0,11447.0,,,,
true,true,16,32,384,1,167.8697330871244,1000.0,2688.244,6567.0,10343.0,,,,
true,true,16,32,384,3,162.70745200130165,1000.0,2909.057,6375.0,12159.0,,,,
true,true,16,32,384,5,163.7465203864418,1000.0,2831.205,7643.0,11375.0,,,,
true,true,16,32,384,7,164.12276382734285,1000.0,2794.168,7055.0,11775.0,,,,
true,true,16,32,512,1,162.813415825464,1000.0,2857.444,6323.0,12207.0,,,,
true,true,16,32,512,3,161.23831022250886,1000.0,2893.066,6527.0,12855.0,,,,
true,true,16,32,512,5,170.2127659574468,1000.0,2610.803,5343.0,10575.0,,,,
true,true,16,32,512,7,164.77179106936893,1000.0,2785.062,6159.0,13215.0,,,,
true,true,16,32,640,1,166.55562958027983,1000.0,2723.787,6571.0,12103.0,,,,
true,true,16,32,640,3,164.74464579901152,1000.0,2740.034,6523.0,12591.0,,,,
true,true,16,32,640,5,166.80567139282735,1000.0,2730.139,6035.0,11103.0,,,,
true,true,16,32,640,7,166.27868307283006,1000.0,2739.708,6671.0,12503.0,,,,
true,true,16,40,256,1,168.49199663016006,1000.0,2661.479,6563.0,11487.0,,,,
true,true,16,40,256,3,163.66612111292963,1000.0,2819.931,6571.0,10479.0,,,,
true,true,16,40,256,5,164.58196181698486,1000.0,2780.318,6399.0,9951.0,,,,
true,true,16,40,256,7,162.33766233766235,1000.0,2827.091,6595.0,11935.0,,,,
true,true,16,40,384,1,165.8374792703151,1000.0,2767.813,6971.0,11167.0,,,,
true,true,16,40,384,3,160.72002571520412,1000.0,2901.474,6191.0,10791.0,,,,
true,true,16,40,384,5,165.89250165892503,1000.0,2755.632,6167.0,11591.0,,,,
true,true,16,40,384,7,164.12276382734285,1000.0,2790.205,6639.0,11975.0,,,,
true,true,16,40,512,1,163.7465203864418,1000.0,2800.513,6003.0,11103.0,,,,
true,true,16,40,512,3,165.28925619834712,1000.0,2760.351,6735.0,10879.0,,,,
true,true,16,40,512,5,165.80998176090202,1000.0,2754.738,6195.0,11839.0,,,,
true,true,16,40,512,7,166.66666666666666,1000.0,2737.025,6747.0,11183.0,,,,
true,true,16,40,640,1,166.66666666666666,1000.0,2722.112,6575.0,11631.0,,,,
true,true,16,40,640,3,165.6726308813784,1000.0,2749.892,6139.0,10095.0,,,,
true,true,16,40,640,5,165.59032952475576,1000.0,2786.235,6927.0,12655.0,,,,
true,true,16,40,640,7,163.63933889707084,1000.0,2765.471,6079.0,11719.0,,,,
true,true,24,16,256,1,166.9727834362999,1000.0,2700.337,6251.0,9711.0,,,,
true,true,24,16,256,3,168.03898504453034,1000.0,2702.03,6619.0,12519.0,,,,
true,true,24,16,256,5,162.49593760155997,1000.0,2892.643,6827.0,11935.0,,,,
true,true,24,16,256,7,164.52780519907864,1000.0,2804.599,6803.0,12095.0,,,,
true,true,24,16,384,1,166.333998669328,1000.0,2708.924,6151.0,12311.0,,,,
true,true,24,16,384,3,165.50810989738497,1000.0,2791.396,6939.0,11511.0,,,,
true,true,24,16,384,5,165.39861065167054,1000.0,2777.279,6611.0,12447.0,,,,
true,true,24,16,384,7,161.96954972465176,1000.0,2887.881,6743.0,11671.0,,,,
true,true,24,16,512,1,169.92353440951572,1000.0,2566.209,6551.0,11807.0,,,,
true,true,24,16,512,3,163.61256544502618,1000.0,2839.676,6939.0,12431.0,,,,
true,true,24,16,512,5,161.55088852988692,1000.0,2907.748,6619.0,11927.0,,,,
true,true,24,16,512,7,165.23463317911435,1000.0,2780.081,6007.0,9919.0,,,,
true,true,24,16,640,1,163.63933889707084,1000.0,2839.221,6803.0,12423.0,,,,
true,true,24,16,640,3,163.96130513198884,1000.0,2848.683,6491.0,12495.0,,,,
true,true,24,16,640,5,167.47613465081227,1000.0,2716.936,6635.0,11983.0,,,,
true,true,24,16,640,7,162.02203499675957,1000.0,2917.621,6731.0,12199.0,,,,
true,true,24,24,256,1,166.63889351774705,1000.0,2710.456,6327.0,11279.0,,,,
true,true,24,24,256,3,162.78691193228065,1000.0,2843.639,6151.0,13455.0,,,,
true,true,24,24,256,5,166.22340425531914,1000.0,2793.169,6451.0,11687.0,,,,
true,true,24,24,256,7,165.7550140891762,1000.0,2799.006,6379.0,10327.0,,,,
true,true,24,24,384,1,167.98252981689905,1000.0,2674.67,5959.0,9655.0,,,,
true,true,24,24,384,3,165.59032952475576,1000.0,2792.64,5995.0,11215.0,,,,
true,true,24,24,384,5,165.371258475277,1000.0,2834.201,6071.0,12535.0,,,,
true,true,24,24,384,7,164.5548790521639,1000.0,2760.659,6591.0,12463.0,,,,
true,true,24,24,512,1,167.78523489932886,1000.0,2695.829,7347.0,11247.0,,,,
true,true,24,24,512,3,166.47244880972198,1000.0,2756.815,6467.0,11479.0,,,,
true,true,24,24,512,5,162.60162601626016,1000.0,2882.33,6671.0,11063.0,,,,
true,true,24,24,512,7,168.86187098953056,1000.0,2687.529,6591.0,10551.0,,,,
true,true,24,24,640,1,167.44809109176154,1000.0,2699.269,6067.0,11127.0,,,,
true,true,24,24,640,3,166.75004168751042,1000.0,2702.893,6975.0,10511.0,,,,
true,true,24,24,640,5,168.71941960519655,1000.0,2679.821,6119.0,11535.0,,,,
true,true,24,24,640,7,164.31153466973382,1000.0,2841.136,5979.0,8967.0,,,,
true,true,24,32,256,1,166.72224074691565,1000.0,2734.937,5919.0,11423.0,,,,
true,true,24,32,256,3,163.61256544502618,1000.0,2857.241,6607.0,13215.0,,,,
true,true,24,32,256,5,166.66666666666666,1000.0,2722.783,6891.0,12431.0,,,,
true,true,24,32,256,7,167.0843776106934,1000.0,2692.59,6491.0,11431.0,,,,
true,true,24,32,384,1,165.48072149594572,1000.0,2803.876,6835.0,10743.0,,,,
true,true,24,32,384,3,163.77333770062233,1000.0,2833.973,6543.0,10063.0,,,,
true,true,24,32,384,5,165.92002654720426,1000.0,2760.25,6727.0,12519.0,,,,
true,true,24,32,384,7,165.80998176090202,1000.0,2781.821,6523.0,10695.0,,,,
true,true,24,32,512,1,166.19577862722286,1000.0,2656.688,6043.0,9767.0,,,,
true,true,24,32,512,3,165.8374792703151,1000.0,2728.384,6663.0,12071.0,,,,
true,true,24,32,512,5,166.75004168751042,1000.0,2736.918,6895.0,11311.0,,,,
true,true,24,32,512,7,170.73587160662456,1000.0,2631.12,6227.0,11223.0,,,,
true,true,24,32,640,1,164.74464579901152,1000.0,2786.084,6495.0,10287.0,,,,
true,true,24,32,640,3,164.69038208168644,1000.0,2788.818,6287.0,10679.0,,,,
true,true,24,32,640,5,165.7000828500414,1000.0,2775.876,6323.0,11983.0,,,,
true,true,24,32,640,7,162.813415825464,1000.0,2810.483,6291.0,11735.0,,,,
true,true,24,40,256,1,169.548999660902,1000.0,2607.602,5999.0,9631.0,,,,
true,true,24,40,256,3,163.90755613833798,1000.0,2818.439,6515.0,11575.0,,,,
true,true,24,40,256,5,165.72754391779912,1000.0,2741.733,6283.0,10871.0,,,,
true,true,24,40,256,7,165.61775422325275,1000.0,2750.579,6563.0,12623.0,,,,
true,true,24,40,384,1,164.58196181698486,1000.0,2762.101,6723.0,12167.0,,,,
true,true,24,40,384,3,163.47882949158085,1000.0,2813.088,6707.0,12575.0,,,,
true,true,24,40,384,5,167.33601070950468,1000.0,2702.316,5895.0,11159.0,,,,
true,true,24,40,384,7,165.61775422325275,1000.0,2753.496,6539.0,11527.0,,,,
true,true,24,40,512,1,166.58337497917708,1000.0,2733.141,6123.0,10119.0,,,,
true,true,24,40,512,3,163.63933889707084,1000.0,2877.273,7051.0,11351.0,,,,
true,true,24,40,512,5,169.4053870913095,1000.0,2627.325,6115.0,11359.0,,,,
true,true,24,40,512,7,170.2127659574468,1000.0,2615.81,6831.0,11815.0,,,,
true,true,24,40,640,1,165.6451880072884,1000.0,2796.844,6191.0,10535.0,,,,
true,true,24,40,640,3,162.6280696048138,1000.0,2875.342,6839.0,12167.0,,,,
true,true,24,40,640,5,167.22408026755852,1000.0,2722.903,6459.0,10751.0,,,,
true,true,24,40,640,7,166.47244880972198,1000.0,2781.655,6499.0,9551.0,,,,
true,true,32,16,256,1,168.8048615800135,1000.0,2638.928,6443.0,11143.0,,,,
true,true,32,16,256,3,165.31658125309968,1000.0,2790.203,6483.0,11383.0,,,,
true,true,32,16,256,5,164.2845408247084,1000.0,2826.348,6263.0,11919.0,,,,
true,true,32,16,256,7,164.47368421052633,1000.0,2803.74,6499.0,11647.0,,,,
true,true,32,16,384,1,166.86133822793258,1000.0,2721.338,6343.0,11335.0,,,,
true,true,32,16,384,3,169.09029421711193,1000.0,2670.645,6059.0,11223.0,,,,
true,true,32,16,384,5,165.72754391779912,1000.0,2757.828,6439.0,12119.0,,,,
true,true,32,16,384,7,169.1188905800778,1000.0,2627.707,6615.0,11023.0,,,,
true,true,32,16,512,1,165.45334215751157,1000.0,2806.845,6507.0,11727.0,,,,
true,true,32,16,512,3,165.28925619834712,1000.0,2788.052,5911.0,10167.0,,,,
true,true,32,16,512,5,168.32183134152498,1000.0,2654.893,6091.0,10791.0,,,,
true,true,32,16,512,7,166.08536787908986,1000.0,2737.103,6307.0,10703.0,,,,
true,true,32,16,640,1,168.01075268817203,1000.0,2720.376,6491.0,11639.0,,,,
true,true,32,16,640,3,165.56291390728478,1000.0,2793.008,6499.0,10287.0,,,,
true,true,32,16,640,5,164.74464579901152,1000.0,2839.612,6751.0,11871.0,,,,
true,true,32,16,640,7,168.23687752355318,1000.0,2632.258,6139.0,10807.0,,,,
true,true,32,24,256,1,165.7550140891762,1000.0,2788.963,6391.0,10511.0,,,,
true,true,32,24,256,3,164.52780519907864,1000.0,2714.834,6259.0,11023.0,,,,
true,true,32,24,256,5,160.95284081764044,1000.0,2913.864,7267.0,12263.0,,,,
true,true,32,24,256,7,167.5603217158177,1000.0,2675.979,6087.0,10679.0,,,,
true,true,32,24,384,1,167.64459346186086,1000.0,2676.862,6175.0,12191.0,,,,
true,true,32,24,384,3,165.78249336870027,1000.0,2726.733,5935.0,11047.0,,,,
true,true,32,24,384,5,165.18004625041294,1000.0,2768.494,6675.0,11159.0,,,,
true,true,32,24,384,7,166.61112962345885,1000.0,2758.409,6439.0,11111.0,,,,
true,true,32,24,512,1,162.65452179570593,1000.0,2901.111,6747.0,12695.0,,,,
true,true,32,24,512,3,168.35016835016836,1000.0,2687.585,5991.0,10751.0,,,,
true,true,32,24,512,5,166.5278934221482,1000.0,2746.913,5923.0,10711.0,,,,
true,true,32,24,512,7,165.7000828500414,1000.0,2714.477,6395.0,12135.0,,,,
true,true,32,24,640,1,168.66250632484397,1000.0,2633.166,6471.0,11527.0,,,,
true,true,32,24,640,3,162.57519102584945,1000.0,2880.874,7195.0,12127.0,,,,
true,true,32,24,640,5,169.4915254237288,1000.0,2666.683,6163.0,10063.0,,,,
true,true,32,24,640,7,166.25103906899417,1000.0,2742.681,7179.0,11783.0,,,,
true,true,32,32,256,1,166.00265604249668,1000.0,2783.782,6619.0,13023.0,,,,
true,true,32,32,256,3,164.446637066272,1000.0,2827.026,6835.0,10927.0,,,,
true,true,32,32,256,5,167.0564650851988,1000.0,2736.225,6683.0,12015.0,,,,
true,true,32,32,256,7,166.9727834362999,1000.0,2756.463,6063.0,10727.0,,,,
true,true,32,32,384,1,162.52234682268812,1000.0,2911.036,6715.0,13351.0,,,,
true,true,32,32,384,3,166.00265604249668,1000.0,2721.951,5895.0,10951.0,,,,
true,true,32,32,384,5,167.39203213927016,1000.0,2723.447,5703.0,12407.0,,,,
true,true,32,32,384,7,165.0709805216243,1000.0,2815.651,5971.0,10319.0,,,,
true,true,32,32,512,1,165.39861065167054,1000.0,2757.557,6279.0,12855.0,,,,
true,true,32,32,512,3,164.52780519907864,1000.0,2747.235,6643.0,12031.0,,,,
true,true,32,32,512,5,161.34236850596966,1000.0,2916.162,6591.0,12471.0,,,,
true,true,32,32,512,7,166.14055490945339,1000.0,2729.621,6535.0,11575.0,,,,
true,true,32,32,640,1,165.53550736633008,1000.0,2781.038,6455.0,10263.0,,,,
true,true,32,32,640,3,166.9727834362999,1000.0,2760.143,6691.0,11751.0,,,,
true,true,32,32,640,5,170.73587160662456,1000.0,2562.849,5847.0,11023.0,,,,
true,true,32,32,640,7,164.9620587264929,1000.0,2809.442,7271.0,12639.0,,,,
true,true,32,40,256,1,166.05778811026238,1000.0,2700.12,6407.0,11615.0,,,,
true,true,32,40,256,3,165.01650165016503,1000.0,2725.319,6259.0,10919.0,,,,
true,true,32,40,256,5,165.59032952475576,1000.0,2791.168,6819.0,11079.0,,,,
true,true,32,40,256,7,163.88069485414618,1000.0,2848.802,6939.0,12103.0,,,,
true,true,32,40,384,1,168.77637130801688,1000.0,2634.375,5907.0,11447.0,,,,
true,true,32,40,384,3,166.03021749958492,1000.0,2774.716,7531.0,13055.0,,,,
true,true,32,40,384,5,169.03313049357675,1000.0,2683.775,6871.0,12151.0,,,,
true,true,32,40,384,7,170.41581458759373,1000.0,2597.238,6063.0,12423.0,,,,
true,true,32,40,512,1,163.29196603527106,1000.0,2828.811,6991.0,11535.0,,,,
true,true,32,40,512,3,159.7444089456869,1000.0,2961.687,6891.0,12727.0,,,,
true,true,32,40,512,5,156.69069257286117,1000.0,3004.653,6903.0,13671.0,,,,
true,true,32,40,512,7,157.35641227380015,1000.0,3044.469,7339.0,12103.0,,,,
true,true,32,40,640,1,164.69038208168644,1000.0,2781.763,6463.0,10527.0,,,,
true,true,32,40,640,3,167.000668002672,1000.0,2706.44,6051.0,10871.0,,,,
true,true,32,40,640,5,165.48072149594572,1000.0,2829.657,6479.0,11871.0,,,,
true,true,32,40,640,7,166.58337497917708,1000.0,2762.291,6663.0,12199.0,,,,
true,true,40,16,256,1,164.77179106936893,1000.0,2782.144,6759.0,12679.0,,,,
true,true,40,16,256,3,165.7000828500414,1000.0,2791.012,6995.0,11735.0,,,,
true,true,40,16,256,5,163.71971185330713,1000.0,2848.732,6987.0,11455.0,,,,
true,true,40,16,256,7,165.0709805216243,1000.0,2751.422,6403.0,10863.0,,,,
true,true,40,16,384,1,166.14055490945339,1000.0,2760.027,5719.0,9735.0,,,,
true,true,40,16,384,3,167.3080140538732,1000.0,2710.406,6563.0,11527.0,,,,
true,true,40,16,384,5,164.0150893882237,1000.0,2811.897,6683.0,11743.0,,,,
true,true,40,16,384,7,163.31863465621427,1000.0,2842.378,6371.0,11423.0,,,,
true,true,40,16,512,1,162.44314489928524,1000.0,2908.232,7027.0,12119.0,,,,
true,true,40,16,512,3,168.0672268907563,1000.0,2689.794,6435.0,10959.0,,,,
true,true,40,16,512,5,164.12276382734285,1000.0,2870.788,7183.0,11495.0,,,,
true,true,40,16,512,7,164.66326362588507,1000.0,2815.39,6891.0,11735.0,,,,
true,true,40,16,640,1,161.55088852988692,1000.0,2890.025,6103.0,13247.0,,,,
true,true,40,16,640,3,167.000668002672,1000.0,2764.622,6223.0,9567.0,,,,
true,true,40,16,640,5,165.18004625041294,1000.0,2776.035,6035.0,12719.0,,,,
true,true,40,16,640,7,168.71941960519655,1000.0,2650.231,6183.0,10959.0,,,,
true,true,40,24,256,1,163.45210853220007,1000.0,2850.235,6823.0,11935.0,,,,
true,true,40,24,256,3,163.88069485414618,1000.0,2883.106,6559.0,11751.0,,,,
true,true,40,24,256,5,164.85328058028355,1000.0,2767.659,6311.0,12151.0,,,,
true,true,40,24,256,7,167.33601070950468,1000.0,2754.225,6183.0,11303.0,,,,
true,true,40,24,384,1,164.7175094712568,1000.0,2822.911,6487.0,10935.0,,,,
true,true,40,24,384,3,162.91951775822744,1000.0,2859.715,6427.0,12287.0,,,,
true,true,40,24,384,5,166.03021749958492,1000.0,2754.878,7019.0,11903.0,,,,
true,true,40,24,384,7,164.98927569707968,1000.0,2777.733,7091.0,11351.0,,,,
true,true,40,24,512,1,166.16816218012627,1000.0,2711.635,6079.0,11031.0,,,,
true,true,40,24,512,3,170.64846416382252,1000.0,2621.826,6743.0,10911.0,,,,
true,true,40,24,512,5,160.8234158893535,1000.0,2916.185,6783.0,12159.0,,,,
true,true,40,24,512,7,169.7792869269949,1000.0,2597.701,5759.0,10639.0,,,,
true,true,40,24,640,1,163.5858007524947,1000.0,2856.425,7051.0,11879.0,,,,
true,true,40,24,640,3,164.82610845557937,1000.0,2765.032,6067.0,12135.0,,,,
true,true,40,24,640,5,162.813415825464,1000.0,2857.117,6679.0,11623.0,,,,
true,true,40,24,640,7,165.94756057085962,1000.0,2756.465,6235.0,10439.0,,,,
true,true,40,32,256,1,163.55904481517828,1000.0,2805.552,6671.0,11759.0,,,,
true,true,40,32,256,3,167.16817118020728,1000.0,2696.756,6207.0,11815.0,,,,
true,true,40,32,256,5,165.53550736633008,1000.0,2770.676,7223.0,12223.0,,,,
true,true,40,32,256,7,165.0437365901964,1000.0,2822.743,6739.0,11839.0,,,,
true,true,40,32,384,1,166.22340425531914,1000.0,2739.477,6211.0,10911.0,,,,
true,true,40,32,384,3,166.66666666666666,1000.0,2755.424,6383.0,11639.0,,,,
true,true,40,32,384,5,168.32183134152498,1000.0,2673.129,6527.0,11511.0,,,,
true,true,40,32,384,7,162.65452179570593,1000.0,2846.721,6431.0,11751.0,,,,
true,true,40,32,512,1,164.257555847569,1000.0,2822.634,6367.0,10967.0,,,,
true,true,40,32,512,3,169.9524133242692,1000.0,2652.584,6463.0,11583.0,,,,
true,true,40,32,512,5,164.3655489809336,1000.0,2808.694,6947.0,11047.0,,,,
true,true,40,32,512,7,166.75004168751042,1000.0,2751.303,5955.0,10855.0,,,,
true,true,40,32,640,1,162.65452179570593,1000.0,2885.701,6455.0,11719.0,,,,
true,true,40,32,640,3,165.78249336870027,1000.0,2732.995,6523.0,10431.0,,,,
true,true,40,32,640,5,167.000668002672,1000.0,2741.094,6583.0,10399.0,,,,
true,true,40,32,640,7,168.29350387075058,1000.0,2689.344,6523.0,11479.0,,,,
true,true,40,40,256,1,168.18028927009755,1000.0,2664.8,5923.0,11519.0,,,,
true,true,40,40,256,3,166.5001665001665,1000.0,2765.98,6307.0,11071.0,,,,
true,true,40,40,256,5,161.60310277957336,1000.0,2934.591,6791.0,11559.0,,,,
true,true,40,40,256,7,168.37851490149856,1000.0,2649.171,6567.0,10999.0,,,,
true,true,40,40,384,1,170.29972752043597,1000.0,2587.326,6131.0,10679.0,,,,
true,true,40,40,384,3,165.34391534391534,1000.0,2784.022,6923.0,10887.0,,,,
true,true,40,40,384,5,164.47368421052633,1000.0,2838.717,6779.0,12071.0,,,,
true,true,40,40,384,7,166.38935108153078,1000.0,2780.545,6271.0,11159.0,,,,
true,true,40,40,512,1,161.89088554314392,1000.0,2920.993,7183.0,11407.0,,,,
true,true,40,40,512,3,168.40687100033682,1000.0,2635.523,5719.0,9895.0,,,,
true,true,40,40,512,5,166.22340425531914,1000.0,2751.781,6691.0,10951.0,,,,
true,true,40,40,512,7,168.4352366515075,1000.0,2670.721,6523.0,11383.0,,,,
true,true,40,40,640,1,167.22408026755852,1000.0,2738.835,6931.0,12295.0,,,,
true,true,40,40,640,3,163.96130513198884,1000.0,2840.565,6487.0,12103.0,,,,
true,true,40,40,640,5,164.58196181698486,1000.0,2812.677,6563.0,10511.0,,,,
true,true,40,40,640,7,168.69095816464238,1000.0,2649.549,6199.0,10935.0,,,,
